record_type,candidate_id,slice_set_id,filename,source_start_s,source_end_s,alignment_correlation,validator_status,validator_reasons,dry,filtered,register,level_dbfs,level_bin,third_octave_mae_dry_vs_training,third_octave_mae_filtered_vs_training
slb_candidate,slb200_vincents_take_1_cubase_slices:vincents 1-02.wav,slb200_vincents_take_1_cubase_slices,vincents 1-02.wav,277.61439909297053,278.06850340136054,0.9999999999999999,accept,"[""no_flagged_event_validity_issue""]","{""duration_s"": 0.4541043083900227, ""rms_dbfs"": -34.53336459013768, ""spectral_centroid_hz"": 170.90969826701854, ""spectral_flatness_db"": -40.68519981565167, ""f0_hz"": 151.5463917525773, ""f0_confidence"": 0.911064088344574, ""f0_coverage"": 1.0, ""third_octave_power_db_normalized"": [-29.628160920667796, -29.971753731034994, -31.512582898889775, -32.12003072383683, -33.34730748494949, -36.15145944510008, -10.684872381455488, -0.8698182972182295, -40.32842529036809, -37.82047408845073, -12.677213010671085, -24.88362960245924, -18.855032858008933, -18.786560342665425, -22.325046931282934, -26.739893040180792, -40.30887659885071, -41.32856692351674, -45.647947356447446, -49.04373660333783, -50.20503290831718, -50.17556593278422, -49.497099530915925, -49.902666508162724, -51.062310191842116, -52.213631465136466, -54.314554703071735]}","{""duration_s"": 0.4541043083900227, ""rms_dbfs"": -37.29212861680645, ""spectral_centroid_hz"": 225.17659675338498, ""spectral_flatness_db"": -42.52748844595181, ""f0_hz"": 151.5463917525773, ""f0_confidence"": 0.9147986173629761, ""f0_coverage"": 1.0, ""third_octave_power_db_normalized"": [-33.128591160533524, -33.427025752613424, -34.95544546065888, -35.29531496816272, -36.23168312753726, -37.23386088728557, -11.385235078136384, -1.5417062325166389, -40.7571848378889, -37.17116692571789, -10.638382831806478, -20.140987028324485, -14.104905724349452, -13.013333460661618, -15.746106937642354, -19.434365486870554, -32.599789395983656, -34.59960474726511, -41.53931429088796, -47.90336732243719, -51.65551551127845, -52.99727033585771, -52.77058655541648, -53.22452751613038, -54.41482629323043, -55.55256788693667, -57.54329008535423]}",high,-34.53336459013768,low,12.456229258300421,13.315996146410997
slb_candidate,slb200_vincents_take_1_cubase_slices:vincents 1-03.wav,slb200_vincents_take_1_cubase_slices,vincents 1-03.wav,278.06850340136054,278.53684807256235,0.9969328677512573,accept,"[""no_flagged_event_validity_issue""]","{""duration_s"": 0.46834467120181406, ""rms_dbfs"": -34.23886700597721, ""spectral_centroid_hz"": 167.1995220920129, ""spectral_flatness_db"": -36.344684626558994, ""f0_hz"": 169.6153846153846, ""f0_confidence"": 0.9066801071166992, ""f0_coverage"": 1.0, ""third_octave_power_db_normalized"": [-24.749009734067723, -21.41972359958965, -17.8742284328936, -15.66371553212106, -22.012088054699774, -15.453277664170086, -18.207338458528717, -0.9514938839345554, -13.17732455782033, -26.96693784771011, -14.957282637665841, -36.825909605999726, -22.023490939690102, -25.924087272544938, -29.878928963555683, -36.904816650422426, -37.25268811390971, -40.66193235807917, -44.54670945958968, -45.137824038168546, -45.65907870224096, -44.8794862296019, -44.7105700697191, -45.15413651149541, -46.31337847629645, -48.179322864128586, -50.84340842533681]}","{""duration_s"": 0.46834467120181406, ""rms_dbfs"": -37.323733984500606, ""spectral_centroid_hz"": 194.30151865853986, ""spectral_flatness_db"": -37.803263583692996, ""f0_hz"": 169.6153846153846, ""f0_confidence"": 0.9193465113639832, ""f0_coverage"": 1.0, ""third_octave_power_db_normalized"": [-27.84684035855241, -24.53228560999726, -20.97228093064392, -18.655760543805574, -24.2070382523801, -16.77659597474075, -18.799777321271712, -1.1121399191497292, -13.28538444070453, -26.229782970850096, -11.720865352593595, -32.91129063774693, -16.24833526416849, -19.3830257572203, -22.540667295480425, -28.90383618927205, -29.05391137161642, -33.469323057359176, -40.06405978573529, -43.54413045965299, -46.76870006182101, -47.27415264227734, -47.557029880078204, -48.10910206302326, -49.269754595625685, -51.14730818466991, -53.762722065915085]}",high,-34.23886700597721,low,11.15871273016666,11.379911420383065
slb_candidate,slb200_vincents_take_1_cubase_slices:vincents 1-08.wav,slb200_vincents_take_1_cubase_slices,vincents 1-08.wav,279.90396825396823,280.3785260770975,0.9975715778805634,accept,"[""no_flagged_event_validity_issue""]","{""duration_s"": 0.4745578231292517, ""rms_dbfs"": -42.67087769952282, ""spectral_centroid_hz"": 122.26618372351972, ""spectral_flatness_db"": -30.682919217621816, ""f0_hz"": 228.49740932642487, ""f0_confidence"": 0.8584795594215393, ""f0_coverage"": 1.0, ""third_octave_power_db_normalized"": [-14.185376151409026, -13.642959685589206, -14.977162842658043, -16.93956503201211, -22.782192137006867, -24.924521875353832, -26.255712311678842, -28.474727706314056, -6.142457114561207, -2.9429181877741843, -36.80951445434314, -15.753633800139337, -11.874992690157885, -22.762600628786057, -32.43157022834726, -23.52853119470931, -36.24876324270426, -40.44672360456989, -39.097623930061616, -39.0231407575039, -38.62812292798883, -38.51017742422337, -38.01422486377851, -38.41123158685224, -39.11022804996054, -41.23833701415148, -43.57506024110818]}","{""duration_s"": 0.4745578231292517, ""rms_dbfs"": -45.94134563773129, ""spectral_centroid_hz"": 216.36018790226768, ""spectral_flatness_db"": -32.82439055437437, ""f0_hz"": 227.31958762886597, ""f0_confidence"": 0.9008358120918274, ""f0_coverage"": 1.0, ""third_octave_power_db_normalized"": [-18.17324080322697, -17.63098069049704, -18.935517192279434, -20.91240625906127, -26.26689836708526, -27.206979437780113, -28.014377014578212, -29.67986635015915, -6.7195895539479755, -3.4990472655251836, -35.38277880224765, -11.658373899085237, -7.76138813839771, -17.24352808119078, -25.900643934085892, -16.915152154187346, -29.188978091410867, -34.50546754724834, -35.81221893660643, -38.726057203643705, -40.62283051324492, -41.904640974642234, -41.899416226773376, -42.37787054058753, -43.10871606687086, -45.19773413492979, -47.43910222870181]}",high,-42.67087769952282,low,15.599226173540014,15.742030493763359
slb_candidate,slb200_vincents_take_1_cubase_slices:vincents 1-09.wav,slb200_vincents_take_1_cubase_slices,vincents 1-09.wav,280.3785260770975,280.8415646258503,1.0,accept,"[""no_flagged_event_validity_issue""]","{""duration_s"": 0.46303854875283446, ""rms_dbfs"": -54.29000220971861, ""spectral_centroid_hz"": 40.010305671307755, ""spectral_flatness_db"": -23.30818379316551, ""f0_hz"": 250.5681818181818, ""f0_confidence"": 0.7355105578899384, ""f0_coverage"": 1.0, ""third_octave_power_db_normalized"": [-4.983565230813445, -3.3301242327603897, -9.773305204056049, -15.757482903139127, -17.321895200477236, -21.298778525021778, -19.988427839844178, -27.677646272352845, -26.251987328247065, -25.098240622346243, -30.34788628064672, -33.60286635083407, -27.89180475928187, -24.483595279235317, -20.97577725810048, -21.95208195494617, -19.95233676737053, -28.0825341339273, -32.978565811932825, -30.724991785621544, -28.2681766200242, -27.493053745038004, -26.452677644595582, -32.05274233675522, -29.954694971369477, -29.74038930688134, -30.67860305300336]}","{""duration_s"": 0.46303854875283446, ""rms_dbfs"": -59.863043054549465, ""spectral_centroid_hz"": 102.34024635910637, ""spectral_flatness_db"": -22.221889960469174, ""f0_hz"": 250.5681818181818, ""f0_confidence"": 0.6976973712444305, ""f0_coverage"": 1.0, ""third_octave_power_db_normalized"": [-6.411844084688693, -4.664174355323966, -11.062490498358205, -16.81521863710545, -18.040930608839723, -21.210030410959234, -18.828646923861733, -26.190935083286018, -24.350292844235213, -22.587906857435435, -25.95555319446687, -26.933948143452255, -20.619768921403395, -16.237595262956983, -12.061045035166602, -12.153393581339241, -10.025557920731247, -19.419126608578953, -26.461198407455974, -27.780864827159366, -27.37309211183203, -28.251516429610433, -27.449449537993704, -33.02968474189186, -31.06696336589632, -30.833883885430005, -31.67956138653303]}",high,-54.29000220971861,low,18.820797114605362,20.15271146324484
slb_candidate,slb200_vincents_take_1_cubase_slices:vincents 1-26.wav,slb200_vincents_take_1_cubase_slices,vincents 1-26.wav,279.85757369614515,280.39970521541954,0.9999999999999998,accept,"[""no_flagged_event_validity_issue""]","{""duration_s"": 0.5421315192743764, ""rms_dbfs"": -41.69023739046306, ""spectral_centroid_hz"": 148.77221672924375, ""spectral_flatness_db"": -30.699939384508678, ""f0_hz"": 228.49740932642487, ""f0_confidence"": 0.8595851957798004, ""f0_coverage"": 1.0, ""third_octave_power_db_normalized"": [-16.140074187452015, -15.590371087840838, -16.951021958821986, -18.82722080833692, -24.459423419835232, -26.75836907752725, -28.127913165578, -29.910742992643485, -6.023721288855127, -2.3716312861363797, -38.199612150260656, -17.33856838963969, -13.204200004048701, -22.475805626210207, -34.283071968363274, -24.40234600682386, -35.728645237480166, -41.1525681729031, -38.91655854396575, -38.811963849514164, -38.851599011969576, -38.343156814542006, -37.60448792553272, -38.3216420267778, -39.53640052825798, -41.08395764092138, -43.73489295011743]}","{""duration_s"": 0.5421315192743764, ""rms_dbfs"": -44.626832147668665, ""spectral_centroid_hz"": 229.48945884518554, ""spectral_flatness_db"": -32.88629946942876, ""f0_hz"": 227.31958762886597, ""f0_confidence"": 0.9028892517089844, ""f0_coverage"": 1.0, ""third_octave_power_db_normalized"": [-20.035938358729307, -19.4871876022707, -20.819393280471836, -22.703663662314128, -27.843757758076045, -28.974495455020186, -29.78679589095664, -31.030540046132145, -6.5025883303726975, -2.8388217814884342, -36.73690112442927, -13.148603473141087, -8.994959906282281, -16.852888355385666, -27.66386062947361, -17.69373951819523, -28.555588821271026, -35.14937498752262, -35.379287708505714, -38.33684766898652, -40.797267067213674, -41.656052374575566, -41.38610709043068, -42.20513367313207, -43.43759226318545, -44.977182008578055, -47.565262169134314]}",high,-41.69023739046306,low,15.677004747117612,15.841929102146706
slb_candidate,slb200_vincents_take_1_cubase_slices:vincents 1-27.wav,slb200_vincents_take_1_cubase_slices,vincents 1-27.wav,280.3997052154195,280.8581179138322,0.9732792605418519,accept,"[""no_flagged_event_validity_issue""]","{""duration_s"": 0.45841269841269844, ""rms_dbfs"": -54.56803620149132, ""spectral_centroid_hz"": 28.037893744480026, ""spectral_flatness_db"": -22.226589069285403, ""f0_hz"": 250.5681818181818, ""f0_confidence"": 0.7304198741912842, ""f0_coverage"": 1.0, ""third_octave_power_db_normalized"": [-5.7264532673135236, -2.8546674861818406, -11.011142608161709, -14.38745678962082, -15.626110721525759, -17.652456256839784, -16.759632232682517, -29.18969668613235, -24.494557256783295, -24.172751429552413, -26.958222232188493, -30.34670866283421, -25.440209026747127, -25.86306049191103, -27.78942819737308, -27.660209030779296, -26.56833435919618, -34.91776619443071, -34.74143967705305, -34.77660528226744, -34.32307460131058, -32.32220237848384, -30.19935913836123, -28.90819797768644, -27.29180376752273, -26.446821034230222, -26.79863618369827]}","{""duration_s"": 0.45841269841269844, ""rms_dbfs"": -60.21562939021564, ""spectral_centroid_hz"": 38.47881047535543, ""spectral_flatness_db"": -20.78873260161859, ""f0_hz"": 250.5681818181818, ""f0_confidence"": 0.6805452406406403, ""f0_coverage"": 1.0, ""third_octave_power_db_normalized"": [-6.250721084781093, -3.516763430844824, -11.873637948869938, -15.094095777487874, -15.566930119185901, -16.698651040616205, -14.873103860452883, -26.977956742099206, -21.94270161028375, -20.784345610314393, -21.59063140431011, -22.962617177499006, -17.62194620356112, -16.957650204895465, -18.172286269135558, -17.243195463012796, -15.88392116508355, -25.65271710700024, -27.60952798886983, -31.214692929069994, -32.63834907002723, -31.997942609928394, -30.30701749914592, -29.194298887381613, -27.691757462103986, -26.848998604497, -27.044172101620344]}",high,-54.56803620149132,low,17.287949875526063,19.012434234913947
slb_candidate,slb200_vincents_take_1_cubase_slices:vincents 1-34.wav,slb200_vincents_take_1_cubase_slices,vincents 1-34.wav,277.5495238095238,278.05224489795916,1.0,accept,"[""no_flagged_event_validity_issue""]","{""duration_s"": 0.5027210884353741, ""rms_dbfs"": -32.589710844606415, ""spectral_centroid_hz"": 158.40947434198182, ""spectral_flatness_db"": -41.889742374098766, ""f0_hz"": 151.5463917525773, ""f0_confidence"": 0.9073901772499084, ""f0_coverage"": 1.0, ""third_octave_power_db_normalized"": [-26.384637203090307, -22.625974087522295, -19.018078907399357, -16.423984706784235, -23.414079040502816, -17.342669416041197, -9.807109879284297, -1.2222473663027151, -18.39027894004652, -30.900973308747584, -14.385658884744046, -26.61296863692698, -21.063412636649247, -21.014878351961208, -24.730915987930338, -28.42090683756671, -41.646494368916855, -41.3543788288375, -44.335042200819466, -49.85319106652259, -51.325990813457864, -51.971045415631146, -52.22659076514042, -52.167087818103596, -53.167210606390334, -54.63614172197751, -56.541907374364314]}","{""duration_s"": 0.5027210884353741, ""rms_dbfs"": -35.663804091962106, ""spectral_centroid_hz"": 198.58034491366345, ""spectral_flatness_db"": -43.3856148614512, ""f0_hz"": 151.5463917525773, ""f0_confidence"": 0.909996509552002, ""f0_coverage"": 1.0, ""third_octave_power_db_normalized"": [-29.692920854160572, -25.949628370226854, -22.312144063558293, -19.653079420700678, -26.277787674854167, -18.746394681167843, -10.160514236552196, -1.5548334807143398, -18.542664068008722, -30.215151352929176, -11.997307422107127, -21.574558044932203, -15.967969610224436, -14.902165706646517, -17.810754399158434, -20.769240754450276, -33.58001698066681, -34.49682487442588, -39.88593959843914, -48.19839085172424, -52.51726945787095, -54.42067446144884, -55.155607540805306, -55.16166523397757, -56.17975197827477, -57.6331251731759, -59.428330875021864]}",high,-32.589710844606415,low,9.466736041950776,10.164225079956976
slb_candidate,slb200_vincents_take_1_cubase_slices:vincents 1-35.wav,slb200_vincents_take_1_cubase_slices,vincents 1-35.wav,278.0522222222222,278.4868253968254,1.0,accept,"[""no_flagged_event_validity_issue""]","{""duration_s"": 0.4346031746031746, ""rms_dbfs"": -34.09655805124835, ""spectral_centroid_hz"": 163.19401814757956, ""spectral_flatness_db"": -36.75377446297728, ""f0_hz"": 169.6153846153846, ""f0_confidence"": 0.9106817245483398, ""f0_coverage"": 0.875, ""third_octave_power_db_normalized"": [-22.699957612926845, -18.782647688521102, -16.855629728092932, -14.858368432694238, -18.01588450070222, -14.202553382499625, -15.802608012063553, -1.2327482854503922, -12.83560690256342, -25.56220774672836, -15.22117760712166, -34.48598954212827, -22.974032885483084, -25.72748490494778, -28.40043607770379, -36.78751701125272, -36.62358283430055, -40.53737151128396, -43.922213878221285, -44.405300218094006, -45.72398465286848, -45.434466101151365, -45.395558753177966, -46.10459187401935, -46.96144191767005, -48.695905351660016, -51.49065773995562]}","{""duration_s"": 0.4346031746031746, ""rms_dbfs"": -37.19981961292669, ""spectral_centroid_hz"": 191.91227493055342, ""spectral_flatness_db"": -38.143107959994495, ""f0_hz"": 169.6153846153846, ""f0_confidence"": 0.9162032306194305, ""f0_coverage"": 0.875, ""third_octave_power_db_normalized"": [-25.59223774001112, -21.706975248097496, -19.69890532802666, -17.598472629283894, -20.2749153257477, -15.443801938157815, -16.318370084912395, -1.3200988889832166, -12.832552422088646, -24.667065400404432, -11.950840303100815, -30.476275112704872, -17.130427392578568, -19.116196947009016, -21.03868411981212, -28.729333547475502, -28.38610176939921, -33.284041473973396, -39.40218206536148, -42.63098043118831, -46.77833405932408, -47.759726521983296, -48.168253680840756, -48.993939993461396, -49.84624937833048, -51.59464614034927, -54.32888003180854]}",high,-34.09655805124835,low,10.871187523298195,11.145504927893663
slb_candidate,slb200_vincents_take_1_cubase_slices:vincents 1-40.wav,slb200_vincents_take_1_cubase_slices,vincents 1-40.wav,280.2685487528345,280.6958503401361,0.9540971849785485,accept,"[""no_flagged_event_validity_issue""]","{""duration_s"": 0.4273015873015873, ""rms_dbfs"": -50.43114062581086, ""spectral_centroid_hz"": 78.88490574498691, ""spectral_flatness_db"": -25.399469141145957, ""f0_hz"": 250.5681818181818, ""f0_confidence"": 0.7377040982246399, ""f0_coverage"": 1.0, ""third_octave_power_db_normalized"": [-8.974962090611493, -7.831815484859632, -14.304384207547965, -16.367312950527992, -20.9017968579318, -19.460794316510437, -18.936526459166924, -22.94835215915019, -5.809987554492663, -5.530330476199094, -35.722095760494625, -16.57912672135793, -15.751378201529526, -25.281816507456718, -24.939744692056735, -23.997123045261954, -24.132100071318142, -30.679815735798023, -35.042307886417284, -33.21901651672125, -31.143233177159814, -29.85782767476415, -28.489825069248262, -36.944159097691134, -34.39701474404296, -34.79753406108092, -36.63022473770858]}","{""duration_s"": 0.4273015873015873, ""rms_dbfs"": -54.503553083812044, ""spectral_centroid_hz"": 165.50666565291064, ""spectral_flatness_db"": -26.414189977784176, ""f0_hz"": 244.4732800982801, ""f0_confidence"": 0.7104645669460297, ""f0_coverage"": 1.0, ""third_octave_power_db_normalized"": [-12.174652261505576, -11.035880768729163, -17.469242137984757, -19.503675597233215, -23.328773064107583, -20.944426482260287, -19.74689760327704, -23.337596529442774, -5.6493190996852665, -5.285182391028659, -33.35349953328732, -11.69657229008876, -10.813414374900516, -19.014484425694967, -18.002412945050846, -16.22204774169913, -16.217695019829904, -23.958278489342955, -30.464628019984463, -32.27516889876026, -32.16415082895065, -32.607862934925286, -31.45832152666673, -40.0307807257373, -37.470425691665234, -37.84639166264061, -39.65400515869247]}",high,-50.43114062581086,low,17.690789894997728,18.528154293483986
slb_candidate,slb200_vincents_take_1_cubase_slices:vincents 1-48.wav,slb200_vincents_take_1_cubase_slices,vincents 1-48.wav,279.7112471655329,280.61385487528344,0.998111445112607,accept,"[""no_flagged_event_validity_issue""]","{""duration_s"": 0.9026077097505669, ""rms_dbfs"": -35.77759019881539, ""spectral_centroid_hz"": 220.21820461615533, ""spectral_flatness_db"": -35.68290096942657, ""f0_hz"": 227.90849847764542, ""f0_confidence"": 0.8591325879096985, ""f0_coverage"": 1.0, ""third_octave_power_db_normalized"": [-24.36835230270478, -23.122734881860424, -25.912335202193244, -22.984473227499326, -21.248494462297913, -27.037317314254665, -26.671552792182528, -30.773348245035134, -4.58045652666434, -2.3037501529044366, -36.51273237540903, -20.8666752317842, -17.515448427342232, -26.224145249738406, -35.19749558375452, -24.126009527319468, -27.969096867331427, -38.976116772183666, -40.484921426991036, -42.72608959808785, -44.32259578858978, -43.71225595791401, -42.97818830435283, -44.68557147779432, -45.71651171819476, -47.303340246212514, -50.37287689191235]}","{""duration_s"": 0.9026077097505669, ""rms_dbfs"": -38.20554495638895, ""spectral_centroid_hz"": 261.00878036901236, ""spectral_flatness_db"": -37.87558027000981, ""f0_hz"": 227.31958762886597, ""f0_confidence"": 0.890719473361969, ""f0_coverage"": 1.0, ""third_octave_power_db_normalized"": [-28.12280397611432, -26.89351346277414, -29.762820360476788, -26.946520113807164, -24.53258936793539, -29.78371511330485, -27.666288816910146, -31.84261833397469, -4.893058994340612, -2.587635526131669, -34.471629332803474, -16.47957763915985, -13.0999161901257, -20.419992235451012, -28.45507650314473, -17.18626349530105, -20.546174070515136, -32.7963958749574, -36.53088406959439, -42.14589663419953, -46.07541558842535, -46.86262431206707, -46.55703715946342, -48.391931112583705, -49.41728696113971, -50.998739501216804, -54.04010260242021]}",high,-35.77759019881539,low,13.249708232666993,13.795358594204558
slb_candidate,slb200_vincents_take_1_cubase_slices:vincents 1-53.wav,slb200_vincents_take_1_cubase_slices,vincents 1-53.wav,279.73947845804986,280.2234013605442,0.9999999999999998,accept,"[""no_flagged_event_validity_issue""]","{""duration_s"": 0.48392290249433106, ""rms_dbfs"": -34.257527499017534, ""spectral_centroid_hz"": 218.79181103086907, ""spectral_flatness_db"": -34.89667951926586, ""f0_hz"": 227.31958762886597, ""f0_confidence"": 0.8681751489639282, ""f0_coverage"": 1.0, ""third_octave_power_db_normalized"": [-25.25556957379979, -25.87035714284642, -25.549631113166797, -26.284890071215795, -30.35928483947189, -33.16651067101136, -35.0872748640256, -36.07921083662142, -4.149359275368028, -2.4232440074362653, -38.083609202286524, -22.11586490534865, -17.640946174776612, -25.115036223655885, -37.82356828948314, -26.30656231662904, -31.10419184311981, -44.60660542760563, -42.80673353904841, -43.45205582708444, -43.33883621470248, -42.42661353580095, -41.803285655821554, -42.589306242072894, -43.663978276296255, -45.563403434463574, -48.88029233957706]}","{""duration_s"": 0.48392290249433106, ""rms_dbfs"": -36.62967302744252, ""spectral_centroid_hz"": 250.7019038214887, ""spectral_flatness_db"": -37.06718651526401, ""f0_hz"": 227.31958762886597, ""f0_confidence"": 0.8943173885345459, ""f0_coverage"": 1.0, ""third_octave_power_db_normalized"": [-28.965700486460186, -29.557831335046643, -29.287567860841392, -29.80103167848563, -33.41338879592231, -35.42930963313418, -36.28259741071435, -36.95130350339891, -4.423754870712729, -2.6852379164897777, -36.01257905976738, -17.67104643624378, -13.198181611414874, -19.271914170567502, -30.935369315213062, -19.349755385986136, -23.65151738321657, -38.43277227457515, -38.92234890901794, -42.767991955013315, -45.133688977763306, -45.521552415764425, -45.368030487911696, -46.26796059998604, -47.335548205471476, -49.24621170647828, -52.5257456171429]}",high,-34.257527499017534,low,14.546569168935015,14.875420990068903
slb_candidate,slb200_vincents_take_1_cubase_slices:vincents 1-54.wav,slb200_vincents_take_1_cubase_slices,vincents 1-54.wav,280.22340136054424,280.6865986394558,0.9399389996029393,accept,"[""no_flagged_event_validity_issue""]","{""duration_s"": 0.46319727891156465, ""rms_dbfs"": -47.47994007338997, ""spectral_centroid_hz"": 97.3260300266614, ""spectral_flatness_db"": -27.273800350831387, ""f0_hz"": 250.5681818181818, ""f0_confidence"": 0.7535188794136047, ""f0_coverage"": 1.0, ""third_octave_power_db_normalized"": [-9.74594437785672, -9.31342647747019, -15.757357505087064, -16.932593675277275, -21.024813159259644, -20.236887285580814, -20.21745208374942, -24.39816882486889, -5.678673290944358, -4.554713329024283, -36.59796188363573, -15.50143692512007, -14.220323854254966, -26.688768646163354, -27.07208538408665, -26.221913288484654, -26.280073794566206, -32.90033246706354, -37.178889975223235, -35.36838963716551, -33.37582676110771, -32.12485850384323, -30.77813313870721, -39.21137089175825, -36.57623183847173, -36.948235333883716, -38.76626171496173]}","{""duration_s"": 0.46319727891156465, ""rms_dbfs"": -51.863985552288796, ""spectral_centroid_hz"": 187.00540591619645, ""spectral_flatness_db"": -28.621549428481757, ""f0_hz"": 233.3921370967742, ""f0_confidence"": 0.746484100818634, ""f0_coverage"": 1.0, ""third_octave_power_db_normalized"": [-13.29187843047277, -12.813648992799822, -19.23377996398636, -20.519746078232025, -23.906414713290133, -21.927570399461104, -21.32050911871454, -25.043887414286058, -5.7346788727496545, -4.5653670723785424, -34.49116950828339, -10.86664617542269, -9.554160245723068, -20.6680913881072, -20.389234825718525, -18.70317898793058, -18.619376942134256, -26.440303385889898, -32.865376215382085, -34.678451927021534, -34.65886630750583, -35.13137950155544, -34.00362566175456, -42.56904743960427, -39.91545333153632, -40.25659524190381, -42.04930142536909]}",high,-47.47994007338997,low,16.84664616637842,17.47264806661322
slb_candidate,slb200_vincents_take_1_cubase_slices:vincents 1-69.wav,slb200_vincents_take_1_cubase_slices,vincents 1-69.wav,277.97020408163263,278.10437641723354,0.9999999999999999,accept,"[""no_flagged_event_validity_issue""]","{""duration_s"": 0.13417233560090702, ""rms_dbfs"": -41.42445069965123, ""spectral_centroid_hz"": 170.64792234683034, ""spectral_flatness_db"": -44.28921294625593, ""f0_hz"": 152.06896551724137, ""f0_confidence"": 0.9129558205604553, ""f0_coverage"": 1.0, ""third_octave_power_db_normalized"": [-37.61022583029814, -38.564293122460455, -31.37154206571337, -31.075302949958136, -33.556769443589694, -32.284445530815866, -10.85362797094271, -0.860089868227738, -24.34878840898509, -33.738410010895805, -11.999476360824957, -23.368760044483334, -17.746103450678735, -23.29717292968006, -29.454204433344735, -37.633000980174224, -48.93933406613536, -50.93598090783139, -49.44034787789217, -51.903514419454595, -57.57767095148343, -56.8624282495442, -56.47677537024316, -55.2042391552787, -53.71540783193919, -52.95430619830613, -53.239594361979]}","{""duration_s"": 0.13417233560090702, ""rms_dbfs"": -44.180121164623856, ""spectral_centroid_hz"": 200.33006182153713, ""spectral_flatness_db"": -45.88733213596357, ""f0_hz"": 152.06896551724137, ""f0_confidence"": 0.911227822303772, ""f0_coverage"": 1.0, ""third_octave_power_db_normalized"": [-40.689043552218926, -41.34702878906538, -34.61095955012509, -34.06819525230333, -35.75397794314063, -33.697551334633886, -11.408445410719352, -1.388630688898738, -24.468168559942537, -32.75890691241106, -9.805630335974048, -18.523513052824725, -12.819355736916588, -17.36591848920241, -22.733999064906975, -30.147912142370117, -41.18373651995522, -44.77294147253634, -45.176030833302434, -50.78074048108817, -59.001339382165256, -59.30758229316539, -59.48844247786103, -58.19661681345313, -56.83610349514986, -56.22139848406096, -56.20782755281795]}",high,-41.42445069965123,low,10.483762997388189,10.947684579350993
slb_candidate,slb200_vincents_take_1_cubase_slices:vincents 1-70.wav,slb200_vincents_take_1_cubase_slices,vincents 1-70.wav,278.1043537414966,278.4728117913832,1.0000000000000004,accept,"[""no_flagged_event_validity_issue""]","{""duration_s"": 0.36845804988662134, ""rms_dbfs"": -33.420067261235836, ""spectral_centroid_hz"": 163.45614820603006, ""spectral_flatness_db"": -37.59600466492009, ""f0_hz"": 169.29045092838197, ""f0_confidence"": 0.9207112193107605, ""f0_coverage"": 1.0, ""third_octave_power_db_normalized"": [-22.879303337993132, -19.255728430988643, -16.72598588245258, -14.737557074041593, -19.303929031171528, -14.204385407482071, -16.42111437382056, -1.2013517932541258, -12.579142401658794, -25.76266501160614, -15.257044659333056, -35.393790148973224, -23.47963000022807, -25.630945377946077, -28.617727429348538, -36.96678583096093, -36.40133449007902, -40.60733816761214, -44.34138327062748, -44.786653697666274, -46.46943276131899, -46.25673561812068, -46.239380203707555, -46.76680247276454, -47.81309471418118, -49.44687520695964, -52.46163036610135]}","{""duration_s"": 0.36845804988662134, ""rms_dbfs"": -36.52801447481398, ""spectral_centroid_hz"": 191.54279851390956, ""spectral_flatness_db"": -38.98230031442691, ""f0_hz"": 169.6153846153846, ""f0_confidence"": 0.9240777790546417, ""f0_coverage"": 1.0, ""third_octave_power_db_normalized"": [-25.844992658719136, -22.26351014742946, -19.643153144444383, -17.553815786727657, -21.639791167876655, -15.452072384011895, -16.940059625878618, -1.2837025300248266, -12.585086136788897, -24.920688654425437, -11.979202995261689, -31.35457731771485, -17.628244262713498, -19.012966026931085, -21.229030546122086, -28.899935462259133, -28.144004532845738, -33.33363526126983, -39.78883387270464, -43.00280912215519, -47.527749442524794, -48.59247881465721, -49.00473194131732, -49.65724919557786, -50.70534885415972, -52.342122193342966, -55.289108512119334]}",high,-33.420067261235836,low,10.72121347873977,10.994132452435696
slb_candidate,slb200_vincents_take_1_cubase_slices:vincents 1-75.wav,slb200_vincents_take_1_cubase_slices,vincents 1-75.wav,279.72748299319727,280.2895011337868,0.9999999999999998,accept,"[""no_flagged_event_validity_issue""]","{""duration_s"": 0.5620181405895691, ""rms_dbfs"": -33.84624064116498, ""spectral_centroid_hz"": 213.68628541853457, ""spectral_flatness_db"": -35.427429137829705, ""f0_hz"": 227.31958762886597, ""f0_confidence"": 0.8847742676734924, ""f0_coverage"": 1.0, ""third_octave_power_db_normalized"": [-23.9872417437555, -23.799808765602343, -24.797624784035147, -26.475095580628828, -27.80581357987462, -29.855589473251566, -34.16761887406455, -36.68281176963732, -4.1738922281979445, -2.457783095000347, -36.89360695422093, -21.690026747767646, -17.361018609096877, -25.472981818792597, -38.227866441610196, -25.507364519941646, -29.4749470061307, -43.706631374989094, -42.41190120594045, -44.01568988568681, -43.83112721685127, -43.35828811032827, -42.5370979419706, -43.41415150638019, -44.49380586601454, -46.3824815449281, -49.53254381187801]}","{""duration_s"": 0.5620181405895691, ""rms_dbfs"": -36.28244166529146, ""spectral_centroid_hz"": 251.50803328292744, ""spectral_flatness_db"": -37.59536042111321, ""f0_hz"": 227.31958762886597, ""f0_confidence"": 0.9067962169647217, ""f0_coverage"": 1.0, ""third_octave_power_db_normalized"": [-27.672562751752118, -27.549469272163766, -28.491703830602123, -30.065420675661706, -31.03981697340994, -32.297180519372716, -35.284525833751715, -37.56602620010487, -4.4548998719366635, -2.7464969026292936, -34.79790494843327, -17.25279563163051, -12.92352058332095, -19.645275197989335, -31.387599505668085, -18.554693186622735, -22.02494059022267, -37.51223263152107, -38.43617793316263, -43.351249817466865, -45.648970171360844, -46.46187083476722, -46.11758057469238, -47.10244202819226, -48.18027898042725, -50.07469558312052, -53.19386886070043]}",high,-33.84624064116498,low,14.228783596424783,14.579120693311397
slb_candidate,slb200_vincents_take_1_cubase_slices:vincents 1-86.wav,slb200_vincents_take_1_cubase_slices,vincents 1-86.wav,277.5449659863946,277.9877551020408,0.9999999999999994,accept,"[""no_flagged_event_validity_issue""]","{""duration_s"": 0.4427891156462585, ""rms_dbfs"": -32.15274953436041, ""spectral_centroid_hz"": 155.50694752504114, ""spectral_flatness_db"": -42.17284751164216, ""f0_hz"": 151.5463917525773, ""f0_confidence"": 0.902997612953186, ""f0_coverage"": 1.0, ""third_octave_power_db_normalized"": [-24.85490544088985, -21.266813486171507, -18.17624018009707, -15.52709108437827, -21.199215277240654, -16.066186974124594, -9.277379966749937, -1.4118064969738688, -17.496764792767532, -30.177395099154772, -14.794109505021387, -27.002948257643844, -21.51566360940489, -21.340462369039805, -24.962466918040093, -28.546393933370588, -41.62244467835904, -40.800085964787286, -43.59312693611471, -49.61472600267791, -51.23542501845367, -51.94523720960245, -52.740443922550895, -52.47214328277208, -53.58718462954162, -55.161299159899215, -57.073058507669955]}","{""duration_s"": 0.4427891156462585, ""rms_dbfs"": -35.23550137670221, ""spectral_centroid_hz"": 194.78319833639205, ""spectral_flatness_db"": -43.61019089159407, ""f0_hz"": 151.5463917525773, ""f0_confidence"": 0.911204993724823, ""f0_coverage"": 1.0, ""third_octave_power_db_normalized"": [-28.063033887459742, -24.45229062020794, -21.319029110682717, -18.59596197887566, -23.873132779930128, -17.406220538029594, -9.585183563821975, -1.680289966571278, -17.568176194093795, -29.39277914626762, -12.341849465926424, -21.914056821520877, -16.352902885295837, -15.165692317835953, -17.978654875491685, -20.83331415654606, -33.494461176924915, -33.91440337812882, -39.10521959189167, -47.830109867033954, -52.371314981508625, -54.316781947269874, -55.61183050672468, -55.40530415318361, -56.53355474515517, -58.09583063207433, -59.90341462773404]}",high,-32.15274953436041,low,9.326142225997119,10.007885208726126
slb_candidate,slb200_vincents_take_1_cubase_slices:vincents 1-91.wav,slb200_vincents_take_1_cubase_slices,vincents 1-91.wav,279.8368253968254,280.3092970521542,0.9999999999999997,accept,"[""no_flagged_event_validity_issue""]","{""duration_s"": 0.4724716553287982, ""rms_dbfs"": -40.18728201462505, ""spectral_centroid_hz"": 168.20047387253322, ""spectral_flatness_db"": -30.83982867134173, ""f0_hz"": 228.49740932642487, ""f0_confidence"": 0.8775713443756104, ""f0_coverage"": 1.0, ""third_octave_power_db_normalized"": [-17.06567205686931, -17.860875299718046, -18.677369968820724, -18.592649444651382, -24.74679226013395, -27.122870689154652, -28.72528540270673, -30.180864093470955, -5.986300708740519, -2.14084108134015, -38.391431652190796, -18.41943480623808, -13.951928796323088, -21.982325966635386, -34.8455430873947, -24.797851292680736, -35.508740458823524, -41.48249348732846, -39.09243175403696, -39.10549594744482, -38.85875589448422, -37.91475219009004, -37.40148810861586, -38.424666781071906, -39.765813411933024, -41.40311779794932, -44.1520625749422]}","{""duration_s"": 0.4724716553287982, ""rms_dbfs"": -42.971909326643654, ""spectral_centroid_hz"": 240.5654764114311, ""spectral_flatness_db"": -33.06090809383889, ""f0_hz"": 227.31958762886597, ""f0_confidence"": 0.9139164090156555, ""f0_coverage"": 1.0, ""third_octave_power_db_normalized"": [-20.975633692910066, -21.747673456305595, -22.60669076445162, -22.415201808232826, -28.01422646377436, -29.394141317322465, -30.287508965258336, -31.273623674499106, -6.4225440751236, -2.5702507523635316, -36.87603255054645, -14.188250860103178, -9.703588005013065, -16.321245065335045, -28.18562012159123, -18.05040746898903, -28.289646945780817, -35.44514154849912, -35.49878697955245, -38.64931926063591, -40.79691411901847, -41.19259910422591, -41.148835565410884, -42.28677228886564, -43.61753245140041, -45.29029231395482, -47.95578649569861]}",high,-40.18728201462505,low,15.501995151595796,15.685381001407178
slb_candidate,slb200_vincents_take_1_cubase_slices:vincents 1-92.wav,slb200_vincents_take_1_cubase_slices,vincents 1-92.wav,280.3092970521542,280.69088435374147,0.9822370903747025,accept,"[""no_flagged_event_validity_issue""]","{""duration_s"": 0.3815873015873016, ""rms_dbfs"": -51.07902635563293, ""spectral_centroid_hz"": 69.08980889365411, ""spectral_flatness_db"": -23.782813128811178, ""f0_hz"": 250.5681818181818, ""f0_confidence"": 0.7351824045181274, ""f0_coverage"": 1.0, ""third_octave_power_db_normalized"": [-6.804479169562695, -5.474462234569102, -13.23355209401168, -16.019302879526244, -18.902437963198167, -17.909008735946802, -17.541918337181205, -21.08596704940448, -6.942153078134977, -9.077141574356437, -33.45576340205797, -20.38569984183207, -19.14862700530211, -23.429756460881826, -22.956609273885846, -21.588686125408948, -22.01732737463722, -28.24216780034166, -32.78050625161152, -30.980338977433814, -28.816428880653962, -27.406843654542627, -25.905411656299396, -34.7196607924777, -32.132904841134774, -32.61926605805249, -34.7040062982409]}","{""duration_s"": 0.3815873015873016, ""rms_dbfs"": -55.733373112087406, ""spectral_centroid_hz"": 161.13416680097913, ""spectral_flatness_db"": -24.060721088978006, ""f0_hz"": 250.5681818181818, ""f0_confidence"": 0.6869088411331177, ""f0_coverage"": 1.0, ""third_octave_power_db_normalized"": [-9.26357434295827, -7.971450552423459, -15.89420458643385, -18.436792730803493, -20.606283089331914, -18.79086336105982, -17.59060704340764, -20.790540026169644, -6.191082574446725, -8.143033702250193, -30.35673268639907, -14.877246005554747, -13.439840589798045, -16.493556879830628, -15.339531739273557, -13.133309806819302, -13.430225273625796, -20.829488845786955, -27.510523852633494, -29.35423124109618, -29.1385133113622, -29.47076176125571, -28.185736345561484, -37.14096466589304, -34.52426558879616, -34.99380969944653, -37.04941364959084]}",high,-51.07902635563293,low,18.32733803776716,19.573545020747563
slb_candidate,slb200_vincents_take_1_cubase_slices:vincents 1-112.wav,slb200_vincents_take_1_cubase_slices,vincents 1-112.wav,279.58675736961453,280.65569160997734,0.9998986515186045,accept,"[""no_flagged_event_validity_issue""]","{""duration_s"": 1.0689342403628117, ""rms_dbfs"": -36.51150071492381, ""spectral_centroid_hz"": 214.0775906577252, ""spectral_flatness_db"": -34.735816240439455, ""f0_hz"": 228.49740932642487, ""f0_confidence"": 0.810628741979599, ""f0_coverage"": 1.0, ""third_octave_power_db_normalized"": [-23.578308844749174, -21.161235926239357, -21.007934465229944, -18.253115962376913, -17.674944469916056, -19.849993014770057, -18.744716493554932, -19.670366643516925, -4.498346553964575, -2.837427498366103, -29.39236925082767, -20.03563502950285, -17.905958133663944, -26.109028379797845, -29.421927037279975, -23.086311308792066, -28.06129934697658, -34.0333154002264, -37.596317754372336, -39.28890223664193, -44.00719370248837, -43.26244091135989, -42.32507086119465, -45.2245466401034, -45.7659243124329, -46.24428174938879, -50.32580353015389]}","{""duration_s"": 1.0689342403628117, ""rms_dbfs"": -38.939736702499616, ""spectral_centroid_hz"": 264.25005027111285, ""spectral_flatness_db"": -36.895540386432366, ""f0_hz"": 227.31958762886597, ""f0_confidence"": 0.8844794034957886, ""f0_coverage"": 1.0, ""third_octave_power_db_normalized"": [-27.25269336864864, -24.846684382877427, -24.651106570130956, -21.636717072672788, -20.57397244137343, -22.086808472541772, -19.930622587905287, -20.595039403653924, -4.792492445342929, -3.0483458204601366, -27.519694185882393, -15.738395453083037, -13.468866681146654, -20.28389031695323, -22.734213226344725, -16.13472410166302, -20.64089105304522, -27.91277938309646, -33.95102785646185, -38.637463789509134, -45.65679412541791, -46.39459565002251, -45.85970396193915, -48.903737958392824, -49.4400083247875, -49.925129326799, -53.95616937965151]}",high,-36.51150071492381,low,12.524916135087857,13.082084846389009
slb_candidate,slb200_vincents_take_1_cubase_slices:vincents 1-115.wav,slb200_vincents_take_1_cubase_slices,vincents 1-115.wav,279.82798185941044,281.24875283446715,0.9656340614949201,accept,"[""no_flagged_event_validity_issue""]","{""duration_s"": 1.4207709750566893, ""rms_dbfs"": -44.25527893247959, ""spectral_centroid_hz"": 160.2435609360673, ""spectral_flatness_db"": -29.74939184427757, ""f0_hz"": 250.5681818181818, ""f0_confidence"": 0.7436312437057495, ""f0_coverage"": 1.0, ""third_octave_power_db_normalized"": [-16.434076950735168, -16.395455757630852, -17.897323323135613, -19.175667356819343, -25.49257140316918, -26.531776356684382, -27.56134767417929, -29.36321888527633, -5.9202315305267295, -2.2214811551338625, -38.4652115771666, -18.560413324062363, -14.302636132744462, -22.006634645837874, -34.29839736986962, -25.111259216604243, -33.782428386338744, -40.415894866842606, -39.30725355688703, -39.156735978306465, -38.431953937745135, -37.63909190590343, -36.7893081767826, -38.6286428284179, -39.31580028292127, -40.44284413356913, -42.538852082223514]}","{""duration_s"": 1.4207709750566893, ""rms_dbfs"": -47.08858815662466, ""spectral_centroid_hz"": 233.41382858155166, ""spectral_flatness_db"": -31.83406443510915, ""f0_hz"": 250.5681818181818, ""f0_confidence"": 0.7476474642753601, ""f0_coverage"": 1.0, ""third_octave_power_db_normalized"": [-20.269216358563938, -20.25615617456615, -21.771237838355617, -22.858229699551643, -28.685956237230364, -28.716476150440798, -29.025246597544143, -30.398652170852092, -6.307961226005599, -2.6003291602653125, -36.81413230857547, -14.280029353328988, -9.998957736305314, -16.294215662507654, -27.682931521581654, -18.294924891833105, -26.498921524613092, -34.36023597572844, -35.64573853983272, -38.6589027642008, -40.306092561735284, -40.88581926701789, -40.4569022964494, -42.416254868653986, -43.089218807094596, -44.235596891657764, -46.238181419202036]}",high,-44.25527893247959,low,15.71661865501127,15.936403486307242
slb_candidate,slb200_vincents_take_1_cubase_slices:vincents 1-119.wav,slb200_vincents_take_1_cubase_slices,vincents 1-119.wav,279.73786848072564,280.5375963718821,0.9984035211811656,accept,"[""no_flagged_event_validity_issue""]","{""duration_s"": 0.7997278911564626, ""rms_dbfs"": -36.161837370061384, ""spectral_centroid_hz"": 208.23621450924736, ""spectral_flatness_db"": -34.29053383322299, ""f0_hz"": 227.90849847764542, ""f0_confidence"": 0.8637972176074982, ""f0_coverage"": 1.0, ""third_octave_power_db_normalized"": [-22.52418502833723, -22.409089101821536, -23.754505967853383, -24.9192864670831, -29.60149939934457, -31.551761141354497, -32.721425972395146, -34.78846322905228, -4.183543040304067, -2.48211577027002, -37.79381204969423, -21.596765635917098, -17.35911492278091, -25.242578616199882, -37.396563037862656, -26.297429491018477, -30.87062449343683, -43.66155285612324, -42.60044129392797, -43.20791073913704, -42.90300878047822, -41.99185518652687, -41.22258012949092, -42.62647048917559, -43.511222300623345, -45.252427004999475, -48.379473339766946]}","{""duration_s"": 0.7997278911564626, ""rms_dbfs"": -38.59010919603516, ""spectral_centroid_hz"": 246.43603129660272, ""spectral_flatness_db"": -36.41956750122935, ""f0_hz"": 227.31958762886597, ""f0_confidence"": 0.8960830569267273, ""f0_coverage"": 1.0, ""third_octave_power_db_normalized"": [-26.220134741622214, -26.114406006045584, -27.522368825556526, -28.473604134717036, -32.65448634452796, -33.71988049133498, -33.97005064819461, -35.66645211378711, -4.453315143363221, -2.741677923967826, -35.73553059832165, -17.152847318172483, -12.912734507406562, -19.39663062198409, -30.562442783676367, -19.33106971861571, -23.414208159214063, -37.48109452173146, -38.700872618839085, -42.532386188119574, -44.663787184608886, -45.09913239102573, -44.76802760854, -46.29521671864039, -47.17251886035675, -48.922204625618654, -52.004063668659846]}",high,-36.161837370061384,low,14.527980999876833,14.825240616742871
slb_candidate,slb200_vincents_take_1_cubase_slices:vincents 1-267.wav,slb200_vincents_take_1_cubase_slices,vincents 1-267.wav,279.6285941043084,280.090566893424,1.0000000000000002,accept,"[""no_flagged_event_validity_issue""]","{""duration_s"": 0.46197278911564627, ""rms_dbfs"": -33.13291602609543, ""spectral_centroid_hz"": 224.49477244264074, ""spectral_flatness_db"": -35.65597654289729, ""f0_hz"": 227.31958762886597, ""f0_confidence"": 0.8746587038040161, ""f0_coverage"": 0.875, ""third_octave_power_db_normalized"": [-26.1041580863494, -22.82725784370697, -22.41161432053401, -18.942822682376185, -18.055406397587316, -19.779682729893132, -18.9001933049667, -19.579795500837246, -4.453332445793971, -2.754654703876953, -29.243626006702268, -20.57434988902994, -18.480345779125166, -26.2655960680457, -29.66920135635767, -23.188814588511715, -28.005871837512363, -34.323007705392556, -37.84150008937271, -39.58814007560476, -44.68786194978315, -43.903420520274, -42.97567743126262, -45.74238198315017, -46.66778265229196, -46.96769372584561, -51.528094803427194]}","{""duration_s"": 0.46197278911564627, ""rms_dbfs"": -35.49249254978562, ""spectral_centroid_hz"": 267.44306338190466, ""spectral_flatness_db"": -37.853260706268486, ""f0_hz"": 227.31958762886597, ""f0_confidence"": 0.9025247395038605, ""f0_coverage"": 0.875, ""third_octave_power_db_normalized"": [-29.72194393436868, -26.443561657324317, -25.954383316676328, -22.246855614569935, -20.92369614419146, -21.985163075096715, -20.085492489764686, -20.479515675754392, -4.7337862275958305, -2.9667151814217068, -27.356331777268352, -16.27598485728165, -14.031348776204487, -20.433270455883083, -22.98369064315125, -16.229277879736777, -20.572309557347516, -28.198927571684173, -34.184347959886836, -38.91608212504351, -46.3337140357707, -47.0213719164493, -46.50771122773178, -49.42187189533402, -50.34014515500949, -50.64986952044289, -55.19439226649666]}",high,-33.13291602609543,low,12.16335685698744,12.783282736386072
slb_candidate,slb200_vincents_take_1_cubase_slices:vincents 1-268.wav,slb200_vincents_take_1_cubase_slices,vincents 1-268.wav,280.09054421768707,280.435850340136,0.9031734770777449,accept,"[""no_flagged_event_validity_issue""]","{""duration_s"": 0.34530612244897957, ""rms_dbfs"": -44.179343033295496, ""spectral_centroid_hz"": 115.34557094555875, ""spectral_flatness_db"": -33.15755131496352, ""f0_hz"": 227.90849847764542, ""f0_confidence"": 0.8406650125980377, ""f0_coverage"": 1.0, ""third_octave_power_db_normalized"": [-15.771776273558675, -13.906385967336599, -13.922606587152504, -15.467396276498919, -22.63439865537378, -22.67614285856325, -23.0024323434518, -26.804849521529096, -5.527003856433953, -3.2723718250638623, -37.70386978462559, -15.063673855659035, -12.266983591212561, -24.77644241697567, -38.45280014296436, -34.2339433885647, -39.31954696343411, -42.30688903849575, -42.03510146562685, -42.016360366130534, -42.61096004133498, -42.005515027905396, -41.88109329232117, -43.403218071146156, -43.39603328181827, -43.613962055778046, -45.03387025171956]}","{""duration_s"": 0.34530612244897957, ""rms_dbfs"": -47.75522267981198, ""spectral_centroid_hz"": 197.97719425725384, ""spectral_flatness_db"": -35.14106420225804, ""f0_hz"": 226.15384615384616, ""f0_confidence"": 0.8837062418460846, ""f0_coverage"": 1.0, ""third_octave_power_db_normalized"": [-19.59327815103711, -17.73346204195756, -17.80727762181877, -19.443192265219142, -26.061287426383583, -24.813369040190597, -24.61041173131789, -27.883475269764443, -5.993950431773104, -3.701392294478323, -36.27613041881484, -10.852524871246095, -8.037334230065209, -19.14311144623489, -32.09826289969597, -27.393682863757448, -32.135549132592544, -36.34677554350654, -38.418321300393295, -41.646894195325146, -44.53731394126052, -45.2605936031345, -45.56717767358055, -47.17596687202196, -47.183830848064794, -47.425271540560544, -48.694691619045]}",high,-44.179343033295496,low,14.118974345865468,13.922426290902871
slb_candidate,slb200_vincents_take_1_cubase_slices:vincents 1-289.wav,slb200_vincents_take_1_cubase_slices,vincents 1-289.wav,279.83916099773245,280.40392290249434,0.9999999999999998,accept,"[""no_flagged_event_validity_issue""]","{""duration_s"": 0.5647619047619048, ""rms_dbfs"": -40.962816545578626, ""spectral_centroid_hz"": 166.92013418143623, ""spectral_flatness_db"": -30.716838483086022, ""f0_hz"": 228.49740932642487, ""f0_confidence"": 0.8838353157043457, ""f0_coverage"": 1.0, ""third_octave_power_db_normalized"": [-17.181627504341105, -17.763831705184707, -18.458376538106997, -18.446721154188253, -24.72802342626324, -26.72403458470695, -27.953258451597392, -30.113555026851063, -5.888518520856594, -2.2059703437335716, -38.53514665296758, -18.038317493642914, -13.85547052529147, -22.169315852026994, -34.80191608552968, -24.906437638934428, -35.727883857100004, -41.51244127077679, -39.06965162549335, -39.05842505460832, -38.994071921562394, -37.98517399508241, -37.470688203537065, -38.47678673399449, -39.793050798660005, -41.36492614253038, -44.01974588530874]}","{""duration_s"": 0.5647619047619048, ""rms_dbfs"": -43.80804040530042, ""spectral_centroid_hz"": 239.8205018405068, ""spectral_flatness_db"": -32.95036014800078, ""f0_hz"": 227.31958762886597, ""f0_confidence"": 0.9162850379943848, ""f0_coverage"": 1.0, ""third_octave_power_db_normalized"": [-21.094358743116818, -21.6384873017807, -22.382284542672096, -22.301110494399772, -28.00465630521728, -28.95447002882879, -29.556898787197955, -31.21217836758124, -6.3375747895235035, -2.643473886341841, -37.01512150316354, -13.818520498365618, -9.616268851759484, -16.516827123501145, -28.16431190440301, -18.16614646530398, -28.52090283024061, -35.48439393485771, -35.471025653956644, -38.61971100606366, -40.92900997618382, -41.27119750839423, -41.2233394490869, -42.34506221117985, -43.64970238760168, -45.24618407231405, -47.820752796829254]}",high,-40.962816545578626,low,15.461637075828872,15.635804065690849
slb_candidate,slb200_vincents_take_1_cubase_slices:vincents 1-290.wav,slb200_vincents_take_1_cubase_slices,vincents 1-290.wav,280.40392290249434,280.85315192743764,0.971573179137815,accept,"[""no_flagged_event_validity_issue""]","{""duration_s"": 0.4492290249433107, ""rms_dbfs"": -54.88387471560023, ""spectral_centroid_hz"": 25.44497849987373, ""spectral_flatness_db"": -22.391655154455535, ""f0_hz"": 250.5681818181818, ""f0_confidence"": 0.729299396276474, ""f0_coverage"": 1.0, ""third_octave_power_db_normalized"": [-4.957839796454504, -3.1027814467545465, -12.220926959019815, -15.13848391231361, -15.272676541297358, -17.521654414276476, -16.696857942485074, -29.109880313110693, -24.13582116069624, -24.144056845059986, -26.901962846530985, -30.677531813675394, -25.701295140698278, -26.003695629116837, -29.739781646675148, -28.58180794833099, -28.82373721440713, -35.536826353745774, -34.774955742574924, -34.84827165379461, -34.27628821436959, -32.10823895290829, -29.976736013634092, -28.556842630932916, -26.983078666121983, -26.130720171126896, -26.428681249319048]}","{""duration_s"": 0.4492290249433107, ""rms_dbfs"": -60.64808089868434, ""spectral_centroid_hz"": 32.66708377131445, ""spectral_flatness_db"": -20.933650346494986, ""f0_hz"": 250.5681818181818, ""f0_confidence"": 0.6911184191703796, ""f0_coverage"": 1.0, ""third_octave_power_db_normalized"": [-5.400466914889426, -3.693635491182001, -12.949315432950485, -15.77780658678366, -15.117612860212652, -16.571448530432516, -14.751682813262473, -26.836650637565526, -21.542285633859017, -20.714258731175406, -21.477493306737415, -23.244833755167825, -17.822755174940486, -17.05424107102161, -20.108221106965637, -18.129437620488446, -18.09497770512205, -26.18643544384453, -27.61226176987511, -31.23331813645038, -32.49891796273383, -31.715976220623297, -30.03041317475304, -28.809203860991424, -27.320399025114774, -26.480194601138116, -26.617701622237103]}",high,-54.88387471560023,low,17.219423140419305,18.876667349354054
slb_candidate,slb200_vincents_take_1_cubase_slices:vincents 1-295.wav,slb200_vincents_take_1_cubase_slices,vincents 1-295.wav,278.94426303854874,279.3807482993197,0.9162219818070293,accept,"[""no_flagged_event_validity_issue""]","{""duration_s"": 0.43648526077097505, ""rms_dbfs"": -47.10854674112766, ""spectral_centroid_hz"": 193.8387895447942, ""spectral_flatness_db"": -29.882893777922007, ""f0_hz"": 206.07476635514018, ""f0_confidence"": 0.8821104764938354, ""f0_coverage"": 1.0, ""third_octave_power_db_normalized"": [-19.325524854910636, -19.761117522378505, -24.71028572563911, -28.247306243780006, -28.602497573895267, -32.72301053422714, -30.396675921488985, -22.883758236789223, -0.8753959773353147, -26.02945375238037, -39.705397030355, -11.353557408189435, -40.49422429850118, -12.621683078947942, -18.81790163859459, -26.200924155260253, -37.02615061849571, -39.891480453073626, -38.72507236352967, -40.15443510962996, -40.065062689975626, -38.775323697311485, -38.244376243315024, -38.417934534633325, -38.7687407017397, -40.734247891467994, -42.236376189554775]}","{""duration_s"": 0.43648526077097505, ""rms_dbfs"": -49.29617309841669, ""spectral_centroid_hz"": 309.37761458952895, ""spectral_flatness_db"": -32.577778037964194, ""f0_hz"": 205.11627906976744, ""f0_confidence"": 0.8989846110343933, ""f0_coverage"": 1.0, ""third_octave_power_db_normalized"": [-23.76412649506129, -24.2404759510845, -29.137484081531685, -32.561502947363856, -32.370398812802804, -35.59844306521902, -32.225642134148906, -24.495943524518154, -2.189025496056077, -26.932086130530394, -38.41710223994228, -8.227852354608366, -36.41538741014574, -7.827286058616549, -12.969217785124442, -19.584564376463927, -30.299979465054715, -34.47643648114429, -35.65528076882035, -40.23160187784833, -42.51730019734093, -42.59048870932808, -42.48410443634864, -42.736017597349544, -43.12329700899957, -45.031051231289325, -46.385045814482844]}",high,-47.10854674112766,low,16.44737811891894,16.530901250532697
slb_candidate,slb200_vincents_take_1_cubase_slices:vincents 1-300.wav,slb200_vincents_take_1_cubase_slices,vincents 1-300.wav,277.51938775510206,277.93079365079365,0.9999999999999999,accept,"[""no_flagged_event_validity_issue""]","{""duration_s"": 0.41140589569160996, ""rms_dbfs"": -31.97779683871805, ""spectral_centroid_hz"": 150.6568280582553, ""spectral_flatness_db"": -42.00046106109813, ""f0_hz"": 151.5463917525773, ""f0_confidence"": 0.8940858244895935, ""f0_coverage"": 1.0, ""third_octave_power_db_normalized"": [-22.7123968704465, -21.135143289939755, -18.927545010210352, -15.086142635695266, -16.650758957644253, -14.709703389884812, -8.785431682384, -1.6232132243250095, -17.648237499037286, -28.575600117647504, -15.330938111867088, -27.431765301176206, -22.169170012725928, -21.750269119479746, -24.955849317294337, -28.531135261816903, -41.664413613438214, -40.23012136069128, -42.61597292640707, -48.966583413398375, -50.59261220204633, -51.510417711870424, -52.42870785244472, -52.71498825131399, -53.82670323958092, -54.76441573607518, -57.21311539138685]}","{""duration_s"": 0.41140589569160996, ""rms_dbfs"": -35.08032677098103, ""spectral_centroid_hz"": 189.44407786380114, ""spectral_flatness_db"": -43.37123497198468, ""f0_hz"": 151.5463917525773, ""f0_confidence"": 0.907192587852478, ""f0_coverage"": 1.0, ""third_octave_power_db_normalized"": [-25.530957853789356, -23.87879413030174, -21.71354691365178, -17.766547828088534, -18.79208407006178, -15.904282581811692, -9.125156803275852, -1.8233134925581649, -17.577283419122832, -27.526177966174235, -12.823982606517497, -22.302545949263845, -16.942200487250464, -15.518122623552546, -17.90969050641787, -20.75987116383486, -33.483338968896234, -33.302785748380174, -38.17392409163978, -47.05177332601902, -51.642736555867366, -53.80310142808617, -55.224891254898296, -55.57067435057101, -56.7162974171148, -57.66249496144042, -60.00338708756077]}",high,-31.97779683871805,low,9.188638988479298,9.842871532579435
slb_candidate,slb200_vincents_take_1_cubase_slices:vincents 1-301.wav,slb200_vincents_take_1_cubase_slices,vincents 1-301.wav,277.93079365079365,278.12950113378685,1.0000000000000002,accept,"[""no_flagged_event_validity_issue""]","{""duration_s"": 0.19870748299319727, ""rms_dbfs"": -40.766348296255075, ""spectral_centroid_hz"": 172.5469845146294, ""spectral_flatness_db"": -39.88695516855828, ""f0_hz"": 152.06896551724137, ""f0_confidence"": 0.8990393280982971, ""f0_coverage"": 1.0, ""third_octave_power_db_normalized"": [-33.10230640194693, -33.054874260743134, -31.28302357019408, -29.338057416388757, -32.343494743264635, -32.19445580667319, -10.856548341248429, -0.9144004046558116, -21.56535087502298, -33.42515564223562, -11.867296371487328, -23.206975794692177, -17.57576344644795, -21.56469108750545, -28.157815372331022, -35.06207380534446, -46.89826063797512, -46.426697562248805, -46.29121307137896, -49.234228009054235, -51.591262739757795, -52.72769143373565, -51.27269811437843, -52.10635346178367, -50.62871268416324, -50.29533367529763, -51.30968202134368]}","{""duration_s"": 0.19870748299319727, ""rms_dbfs"": -43.454673306357634, ""spectral_centroid_hz"": 206.91757527012666, ""spectral_flatness_db"": -41.61241781185897, ""f0_hz"": 152.06896551724137, ""f0_confidence"": 0.8970236778259277, ""f0_coverage"": 1.0, ""third_octave_power_db_normalized"": [-36.38870137369776, -36.19758085682622, -34.616967383660146, -32.458312473636155, -34.85649346651868, -33.723471750129185, -11.461988773395058, -1.4953111346811567, -21.899304542714717, -32.587189420729274, -9.725590561210321, -18.39797072072098, -12.706117083810698, -15.69074508045449, -21.48810227101042, -27.63986720152609, -39.184787000843905, -40.07620364819676, -41.93523302931026, -48.128543361420064, -52.983863568846566, -55.469008700849415, -54.36806743374583, -55.29153843474369, -53.84325786652723, -53.47613853892362, -54.35218690612946]}",high,-40.766348296255075,low,11.09506709344153,11.621413404753879
slb_candidate,slb200_vincents_take_1_cubase_slices:vincents 1-305.wav,slb200_vincents_take_1_cubase_slices,vincents 1-305.wav,278.9068934240363,279.31875283446715,1.0,accept,"[""no_flagged_event_validity_issue""]","{""duration_s"": 0.411859410430839, ""rms_dbfs"": -45.499953243502546, ""spectral_centroid_hz"": 209.35990811317677, ""spectral_flatness_db"": -30.667007275352226, ""f0_hz"": 205.11627906976744, ""f0_confidence"": 0.908622682094574, ""f0_coverage"": 1.0, ""third_octave_power_db_normalized"": [-20.144347565318633, -20.847091041574338, -24.484261672069195, -26.022053380830712, -25.82833387729638, -28.39510647858614, -29.81378104606805, -24.729920738131877, -0.7967060041417119, -26.61850469485143, -39.836046186990295, -11.958441828435625, -42.408048316946406, -12.96679847966061, -19.138243323508433, -22.90166350958698, -35.80997148882435, -40.0041371819254, -37.355389681998574, -40.831230041365885, -40.68149033665413, -39.3098509780761, -39.108549495506374, -39.148575561463545, -39.48505755521855, -41.303208442393846, -43.45273218815372]}","{""duration_s"": 0.411859410430839, ""rms_dbfs"": -47.599686462537115, ""spectral_centroid_hz"": 322.4471876016148, ""spectral_flatness_db"": -33.33919238911628, ""f0_hz"": 205.11627906976744, ""f0_confidence"": 0.9246419072151184, ""f0_coverage"": 1.0, ""third_octave_power_db_normalized"": [-24.402636726310156, -25.113819643955104, -28.770281941042448, -30.205628868877675, -29.541097476290794, -31.273564070991103, -31.655563951861225, -26.26897642963611, -2.056618001861627, -27.440345426245138, -38.29677073551669, -8.771029791485038, -38.216558663187364, -8.109650545478294, -13.217141769104606, -16.213784300828912, -28.972939971476343, -34.51757363245605, -33.87800630278921, -40.85709838902667, -43.08383104513999, -43.05110526718589, -43.30369543659625, -43.448255348672674, -43.78751615452561, -45.58171854703734, -47.612035331473436]}",high,-45.499953243502546,low,16.01651609596105,16.185850149229104
slb_candidate,slb200_vincents_take_1_cubase_slices:vincents 1-319.wav,slb200_vincents_take_1_cubase_slices,vincents 1-319.wav,277.98614512471653,278.1272108843537,1.0000000000000002,accept,"[""no_flagged_event_validity_issue""]","{""duration_s"": 0.1410657596371882, ""rms_dbfs"": -42.80862855712219, ""spectral_centroid_hz"": 169.08239457045894, ""spectral_flatness_db"": -38.59217654100462, ""f0_hz"": 160.7803364753609, ""f0_confidence"": 0.6601500809192657, ""f0_coverage"": 1.0, ""third_octave_power_db_normalized"": [-29.962579616207833, -28.546238797358562, -28.169209304656597, -25.271356368795516, -27.59940159957695, -26.434509232567876, -8.865750192839522, -1.2362499001342901, -15.615676694528663, -27.63860611564209, -12.65865095111075, -24.330397868646937, -18.196099088258478, -24.56136556034618, -30.525825134107404, -38.39431511814994, -45.3162117175896, -42.33952984816024, -43.400713480099824, -46.806595512065094, -52.86442403931889, -51.708153903118436, -51.57257920588112, -50.87697376773107, -49.251623821623596, -48.4389557008783, -48.817570098850936]}","{""duration_s"": 0.1410657596371882, ""rms_dbfs"": -45.56231333451856, ""spectral_centroid_hz"": 196.75820599925962, ""spectral_flatness_db"": -40.19896227683506, ""f0_hz"": 158.92921960072596, ""f0_confidence"": 0.6687627881765366, ""f0_coverage"": 1.0, ""third_octave_power_db_normalized"": [-33.13125462849659, -31.716972751019842, -31.35243917071662, -28.3852993833881, -29.96440653120914, -27.970664854116343, -9.37812463168373, -1.6959400058878507, -15.783395965051689, -26.67955982280057, -10.296299586709205, -19.491597845416358, -13.103612599903007, -18.51504144450124, -23.693164803084645, -30.793386004978835, -37.39810257363838, -36.04328936456989, -38.779278128381264, -45.615421403221255, -54.2962793569249, -54.215473071519924, -54.47638647635653, -53.90954739302637, -52.235317764014084, -51.394764879051664, -51.81507273710543]}",high,-42.80862855712219,low,10.61590722022497,11.066518131217006
slb_candidate,slb200_vincents_take_1_cubase_slices:vincents 1-320.wav,slb200_vincents_take_1_cubase_slices,vincents 1-320.wav,278.12718820861676,278.589410430839,0.999977373885734,accept,"[""no_flagged_event_validity_issue""]","{""duration_s"": 0.4622222222222222, ""rms_dbfs"": -34.107280222019796, ""spectral_centroid_hz"": 172.49861051238716, ""spectral_flatness_db"": -36.097445379293866, ""f0_hz"": 169.6153846153846, ""f0_confidence"": 0.9182083308696747, ""f0_coverage"": 1.0, ""third_octave_power_db_normalized"": [-27.971592633301054, -26.625399982746103, -21.406923746855057, -18.48370395024853, -26.555513413391942, -19.471849869331756, -25.243203502823064, -0.5419843623092979, -14.971094155214812, -31.072636933622846, -15.005834587887282, -42.39559711970361, -21.026233093883736, -26.332448943808554, -32.90642961238598, -36.518636959291925, -39.916938105667036, -41.037760415272004, -45.25756380705836, -46.096689410472216, -45.02241760363909, -44.313752721091824, -43.763675011498066, -44.3096030335495, -45.56618842193223, -47.45136575791882, -50.10911821931611]}","{""duration_s"": 0.4622222222222222, ""rms_dbfs"": -37.190884619534, ""spectral_centroid_hz"": 196.201416176275, ""spectral_flatness_db"": -37.634528330259364, ""f0_hz"": 169.29045092838197, ""f0_confidence"": 0.9215806424617767, ""f0_coverage"": 1.0, ""third_octave_power_db_normalized"": [-31.129936353006986, -29.917784859477806, -24.87982726734293, -21.89095985520243, -28.752475698826817, -20.89284730591156, -26.059985662263042, -0.7872810481244373, -15.20834437326588, -30.61910946521616, -11.799649024614693, -38.56577747582137, -15.327061807657232, -19.865582042595598, -25.5614731263006, -28.570741286492147, -31.76722622889772, -33.923259660417926, -40.80661097891883, -44.762376812042504, -46.20729555947457, -46.79391632710991, -46.69071850153461, -47.3417161841443, -48.60684459787349, -50.48945896331738, -53.113085739593224]}",high,-34.107280222019796,low,11.902499144155572,12.08224380057163
slb_candidate,slb200_vincents_take_1_cubase_slices:vincents 1-341.wav,slb200_vincents_take_1_cubase_slices,vincents 1-341.wav,278.7459410430839,279.23596371882087,0.9999999999999997,accept,"[""no_flagged_event_validity_issue""]","{""duration_s"": 0.49002267573696145, ""rms_dbfs"": -37.596447100214434, ""spectral_centroid_hz"": 216.93927375020817, ""spectral_flatness_db"": -32.673757518358485, ""f0_hz"": 204.16666666666666, ""f0_confidence"": 0.9160208702087402, ""f0_coverage"": 1.0, ""third_octave_power_db_normalized"": [-26.72635133744089, -27.40030468660995, -33.24510123634667, -34.02798361928228, -29.332494155508893, -32.84473259285039, -35.78143070989629, -28.255040783420675, -0.306876701839252, -27.346787215247264, -38.89915906340311, -15.840362624448032, -47.989943442300245, -17.33983851181256, -20.395530212045813, -24.967972972601977, -34.32477736558663, -42.72318140620348, -38.87545582100691, -41.92087985858727, -40.90141148785438, -39.24631233145562, -39.62684068784128, -40.459467749338486, -41.40454257791319, -43.896329393801736, -46.37943915290055]}","{""duration_s"": 0.49002267573696145, ""rms_dbfs"": -40.29564456111815, ""spectral_centroid_hz"": 280.47632327405694, ""spectral_flatness_db"": -34.83144983240398, ""f0_hz"": 203.2258064516129, ""f0_confidence"": 0.9260652661323547, ""f0_coverage"": 1.0, ""third_octave_power_db_normalized"": [-30.472160569715108, -31.094592125228804, -37.073114075028414, -37.33053485485685, -32.204043384377016, -35.561497901944456, -37.048433987697244, -29.064145059515354, -0.9494974120127352, -27.545724729978428, -36.80084712473893, -12.005890951432477, -43.16531656149618, -11.838281862458583, -13.835801594131977, -17.648488301059547, -26.835585406371308, -36.372524107471456, -34.82340420429746, -41.42678149346789, -42.65683079089275, -42.37836410534268, -43.201664703018004, -44.10959014164723, -45.07189988158821, -47.55079983733119, -49.95724855140267]}",high,-37.596447100214434,low,16.093612436901783,16.583081473596913
slb_candidate,slb200_vincents_take_1_cubase_slices:vincents 1-356.wav,slb200_vincents_take_1_cubase_slices,vincents 1-356.wav,279.74648526077095,280.20836734693876,0.9999999999999999,accept,"[""no_flagged_event_validity_issue""]","{""duration_s"": 0.46188208616780047, ""rms_dbfs"": -34.75654236690769, ""spectral_centroid_hz"": 220.27756808401176, ""spectral_flatness_db"": -34.64371509759325, ""f0_hz"": 227.90849847764542, ""f0_confidence"": 0.9062913954257965, ""f0_coverage"": 1.0, ""third_octave_power_db_normalized"": [-24.891084569490772, -25.05399495298485, -25.898785724502297, -25.88955402299419, -30.489203182565277, -33.43786886295769, -35.10885159468802, -35.94843625129124, -4.2858147762473, -2.329298111446656, -39.37910015557883, -22.441875276769228, -17.80843696223115, -25.003509294490964, -37.783500923441316, -26.70927184714059, -31.982885860381913, -44.72210456132842, -42.88226269444281, -42.9927510068964, -43.00740656943372, -41.9997706529357, -41.47707119432879, -42.15971035001337, -43.3652288489626, -45.22525419457455, -48.54689665870468]}","{""duration_s"": 0.46188208616780047, ""rms_dbfs"": -37.14803092538417, ""spectral_centroid_hz"": 249.94814687568064, ""spectral_flatness_db"": -36.81189148288939, ""f0_hz"": 227.31958762886597, ""f0_confidence"": 0.9153363704681396, ""f0_coverage"": 1.0, ""third_octave_power_db_normalized"": [-28.552472711952888, -28.663012345554296, -29.575644091945744, -29.498061943004018, -33.52280831402628, -35.69751857804701, -36.25849284961599, -36.83201712744926, -4.549693593258258, -2.5711952450859727, -37.302918909145916, -17.988159394774172, -13.353248078100275, -19.146913778591966, -30.880222704233805, -19.74449692039805, -24.525930079824608, -38.52850632651783, -39.038634143284455, -42.2929748155335, -44.778770549438256, -45.08193733240429, -45.027654546744984, -45.82546897309414, -47.02568700199989, -48.89555544285252, -52.18985625820822]}",high,-34.75654236690769,low,14.681915626990548,14.99136632515708
