slice_set_id,filename,slice_path,slice_sha256,pinned_hash_matches,duration_s,status,correlation,runner_up,peak_margin,start_sample,end_s,start_s,coarse_correlation,remote_runner_up_correlation,source_candidates_checked,alignment_decimation
slb200_vincents_take_1_cubase_slices,vincents 1-00.wav,C:\IR audio\slb200\vincents 1-00.wav,7bd215678e2ee2f82c272b4c86fd460e008a37edf70c1d9e4659d52dacab67a6,True,0.3790249433106576,unmatchable_silence_or_short,,,,,,,,,,
slb200_vincents_take_1_cubase_slices,vincents 1-01.wav,C:\IR audio\slb200\vincents 1-01.wav,5e5932d6e8bf9bde1af953c1213aefb0a2e745823231881bd05a5af7aa353223,True,0.4523809523809524,unmatchable_silence_or_short,,,,,,,,,,
slb200_vincents_take_1_cubase_slices,vincents 1-02.wav,C:\IR audio\slb200\vincents 1-02.wav,0fae3d30c458d8d4c1b8acb31585fb13a01e1c096eedaaa31f9746f315ea27f2,True,0.4541043083900227,mapped,0.9999999999999999,,0.0872607437979176,12242795,278.06850340136054,277.61439909297053,0.9966381712756649,0.9093774274777473,1563047,8
slb200_vincents_take_1_cubase_slices,vincents 1-03.wav,C:\IR audio\slb200\vincents 1-03.wav,ab37a7d345ef76ee8a39d21bc92b803630c6b33ca77e29a562cc0b2b5a7e3d53,True,0.46834467120181406,mapped,0.9969328677512573,,0.11615204660410794,12262821,278.53684807256235,278.06850340136054,0.9937262357195682,0.8775741891154603,1562969,8
slb200_vincents_take_1_cubase_slices,vincents 1-04.wav,C:\IR audio\slb200\vincents 1-04.wav,c40d2e4677441ecf644c908e630ce3c1d22cb5716da63a566219dcf9de367469,True,0.3257596371882086,ambiguous_match,0.3708028610171482,,0.006138150684333543,,,,0.5804395743570941,0.5743014236727606,1563755,8
slb200_vincents_take_1_cubase_slices,vincents 1-05.wav,C:\IR audio\slb200\vincents 1-05.wav,e60161bb43bfc75ff6e504974478433577b26cd778343f94951fabd6d793bee1,True,0.12780045351473923,mapped,1.0000000000000002,,0.20302708651789336,12297841,278.99040816326533,278.8626077097506,0.9988672819552248,0.7958401954373314,1564846,8
slb200_vincents_take_1_cubase_slices,vincents 1-06.wav,C:\IR audio\slb200\vincents 1-06.wav,6d8037f75663f097188bf78c7a414b15372a8bfa689cfc820b2bf26b3070ed03,True,0.45301587301587304,mapped,1.0000000000000004,,0.37674288992983007,12303477,279.4434240362812,278.99040816326533,0.9932049805123143,0.6164620905824842,1563053,8
slb200_vincents_take_1_cubase_slices,vincents 1-07.wav,C:\IR audio\slb200\vincents 1-07.wav,0830d6168a28604f9f28cb2eb10c504e6dd41096db8301f31ed07c789423cb77,True,0.4605668934240363,mapped,1.0,,0.10344517825826793,12323454,279.90396825396823,279.4434013605442,0.9972796456229679,0.8938344673647,1563012,8
slb200_vincents_take_1_cubase_slices,vincents 1-08.wav,C:\IR audio\slb200\vincents 1-08.wav,e08a17e0525a847a42076ff04be269a260284e161e32a5cddb28e089d245c9ac,True,0.4745578231292517,mapped,0.9975715778805634,,0.5804877077282016,12343765,280.3785260770975,279.90396825396823,0.9933181844740081,0.4128304767458066,1562935,8
slb200_vincents_take_1_cubase_slices,vincents 1-09.wav,C:\IR audio\slb200\vincents 1-09.wav,80c6e6fc3df9622825a191df2594552111be5a74631bff3bdc2a7df45e74b8bc,True,0.46303854875283446,mapped,1.0,,0.39216179091178505,12364693,280.8415646258503,280.3785260770975,0.9932344212257533,0.6010726303139683,1562998,8
slb200_vincents_take_1_cubase_slices,vincents 1-10.wav,C:\IR audio\slb200\vincents 1-10.wav,106fe271eb6153cc607bbb135562e6e5741d689ea8d97f71c26cd429f39e95c2,True,0.5053061224489795,mapped,1.0000000000000002,,0.3759735859677892,12385113,281.34687074829935,280.84156462585037,0.9911373442148268,0.6151637582470376,1562765,8
slb200_vincents_take_1_cubase_slices,vincents 1-11.wav,C:\IR audio\slb200\vincents 1-11.wav,325050de30befece8e27a409718e31d5d54ad806a8bccbf3c0a7b524a2a5e2d5,True,0.4470521541950113,mapped,0.9999999999999998,,0.5119818250138582,12407397,281.79392290249433,281.3468707482993,0.9693034003699579,0.45732157535609963,1563086,8
slb200_vincents_take_1_cubase_slices,vincents 1-12.wav,C:\IR audio\slb200\vincents 1-12.wav,686c9bc0a901e4456a1908e1ae51dcc1a661806c922ae6ed956b441385aa5192,True,0.46775510204081633,mapped,0.9980293594967642,,0.449723170375229,12427111,282.2616553287982,281.7939002267574,0.9771743315194669,0.5274511611442378,1562972,8
slb200_vincents_take_1_cubase_slices,vincents 1-13.wav,C:\IR audio\slb200\vincents 1-13.wav,8c5c9faf9f49bbdac13733d9d3e18ffd51d2c9bb88b2eec0ff58a5fcc85cad6f,True,0.7321768707482993,unmatchable_silence_or_short,,,,,,,,,,
slb200_vincents_take_1_cubase_slices,vincents 1-14.wav,C:\IR audio\slb200\vincents 1-14.wav,f4c6507aafb243c34bf264da64ad459ad784ce6b6f7071cb55ee7e9e6dee0741,True,0.41183673469387755,unmatchable_silence_or_short,,,,,,,,,,
slb200_vincents_take_1_cubase_slices,vincents 1-15.wav,C:\IR audio\slb200\vincents 1-15.wav,f3caf8f41cde33b92e6791aa678af297ac40a29d74b6df5910b0758ed1a34712,True,0.0746031746031746,unmatchable_silence_or_short,,,,,,,,,,
slb200_vincents_take_1_cubase_slices,vincents 1-16.wav,C:\IR audio\slb200\vincents 1-16.wav,cb19ac76777dd98fceee2d7e07af6c3aa40039265eec626961a0a461595ce7ff,True,0.4086621315192744,unmatchable_silence_or_short,,,,,,,,,,
slb200_vincents_take_1_cubase_slices,vincents 1-17.wav,C:\IR audio\slb200\vincents 1-17.wav,c30fcdf4f0dc64133af323abcaeeda774f23efd1efad81b27bc18f2985f12859,True,0.5446031746031746,unmatchable_silence_or_short,,,,,,,,,,
slb200_vincents_take_1_cubase_slices,vincents 1-18.wav,C:\IR audio\slb200\vincents 1-18.wav,c30ca96fc5fa1bd2fc20c7781040f9e006d5fc3bf2353181e31a5650d0a7adb2,True,0.4626530612244898,ambiguous_match,0.598869463976959,,0.006077164666917767,,,,0.5988830326936302,0.5928058680267124,1563000,8
slb200_vincents_take_1_cubase_slices,vincents 1-19.wav,C:\IR audio\slb200\vincents 1-19.wav,90f28fa805d53c678960c4d0ecdfac54e2503cb98ad5ae4e4f4622c0ee0a2ab5,True,0.7895238095238095,mapped,0.9999999999999998,,0.26803682784829386,12236241,278.255306122449,277.46578231292517,0.9996622382887207,0.7316254104404268,1561198,8
slb200_vincents_take_1_cubase_slices,vincents 1-20.wav,C:\IR audio\slb200\vincents 1-20.wav,848cd3121a37fc2a7c7f230a0e38249bd98e3f787d20bdb859f7cf09fcbeecb8,True,0.6117006802721089,mapped,0.8115493767296376,,0.09710497999167833,7653319,174.15634920634923,173.5446485260771,0.8471419295425726,0.7500369495508943,1562179,8
slb200_vincents_take_1_cubase_slices,vincents 1-21.wav,C:\IR audio\slb200\vincents 1-21.wav,8a2bcb205ab043056656cfdf450a757e8f3108d9510f49ce34c3d05a290c3d81,True,1.8209750566893423,mapped,0.9965242615391141,,0.42037952613782936,12298034,280.68795918367346,278.8669841269841,0.9938709098651108,0.5734913837272815,1555512,8
slb200_vincents_take_1_cubase_slices,vincents 1-22.wav,C:\IR audio\slb200\vincents 1-22.wav,962904a361593e74c0a89699f484dd185e81917dd5e4a1a3883f58c9f34b2660,True,0.7363492063492063,unmatchable_silence_or_short,,,,,,,,,,
slb200_vincents_take_1_cubase_slices,vincents 1-23.wav,C:\IR audio\slb200\vincents 1-23.wav,a0c7535745f9d0c96c5d4e094de287f619b1269cb309cc87b04853a579db11d4,True,1.3925396825396825,unmatchable_silence_or_short,,,,,,,,,,
slb200_vincents_take_1_cubase_slices,vincents 1-24.wav,C:\IR audio\slb200\vincents 1-24.wav,5070c84431e8d068895e15d1494874e4284ad3802cfc73fe84f0c4a757792728,True,0.8143537414965987,mapped,0.7665659599890624,,0.11064894207085174,3234147,74.15102040816328,73.33666666666667,0.7658703775735021,0.6552214355026503,1561061,8
slb200_vincents_take_1_cubase_slices,vincents 1-25.wav,C:\IR audio\slb200\vincents 1-25.wav,a541b05ca00bd6e3cfc774ec011c1628048cdb27087ade960d4d3fc6f1129840,True,1.7991836734693878,mapped,0.9350652583137005,,0.36869624897618203,12262375,279.8575736961451,278.0583900226757,0.9346510090173595,0.5659547600411775,1555633,8
slb200_vincents_take_1_cubase_slices,vincents 1-26.wav,C:\IR audio\slb200\vincents 1-26.wav,db13e7d7f8ff76b93caf8934f4aa3f5f17a5622d1772192af1162c330324ac8a,True,0.5421315192743764,mapped,0.9999999999999998,,0.45978841061984377,12341719,280.39970521541954,279.85757369614515,0.9993487995264775,0.5395603889066337,1562562,8
slb200_vincents_take_1_cubase_slices,vincents 1-27.wav,C:\IR audio\slb200\vincents 1-27.wav,b4629c3e3289bba7366701ea8d3488fa46c25d0389f38a73a259dd625b38dec0,True,0.45841269841269844,mapped,0.9732792605418519,,0.336386267165239,12365627,280.8581179138322,280.3997052154195,0.9692472807319925,0.6328610135667535,1563024,8
slb200_vincents_take_1_cubase_slices,vincents 1-28.wav,C:\IR audio\slb200\vincents 1-28.wav,3153626e3b81762073ed70ae48bfb5aa469b7b259e7644688db37dc35134c064,True,0.30439909297052153,unmatchable_silence_or_short,,,,,,,,,,
slb200_vincents_take_1_cubase_slices,vincents 1-29.wav,C:\IR audio\slb200\vincents 1-29.wav,320b803aa0f3a533ec186c8cbf74b7369bcf881cc3e6e774dc6e481d83e06626,True,0.16403628117913832,unmatchable_silence_or_short,,,,,,,,,,
slb200_vincents_take_1_cubase_slices,vincents 1-30.wav,C:\IR audio\slb200\vincents 1-30.wav,59e238982ab322b416608a386e804c619e6d1dd4503f3e13d717df435a8512a0,True,0.45798185941043085,unmatchable_silence_or_short,,,,,,,,,,
slb200_vincents_take_1_cubase_slices,vincents 1-31.wav,C:\IR audio\slb200\vincents 1-31.wav,f2133a773f84d698dd2aebd86d8c63a8b0d0072a1fa8b8bc77064d6a520750ff,True,0.4453514739229025,unmatchable_silence_or_short,,,,,,,,,,
slb200_vincents_take_1_cubase_slices,vincents 1-32.wav,C:\IR audio\slb200\vincents 1-32.wav,a4b53202b27be447478448671ffea48245501527458c8a6b27743a8e5145aceb,True,0.46458049886621317,unmatchable_silence_or_short,,,,,,,,,,
slb200_vincents_take_1_cubase_slices,vincents 1-33.wav,C:\IR audio\slb200\vincents 1-33.wav,c50ccecba2a22890329149209ace4d749c6367b2c6a08b9375d7f9d311865dce,True,0.42793650793650795,unmatchable_silence_or_short,,,,,,,,,,
slb200_vincents_take_1_cubase_slices,vincents 1-34.wav,C:\IR audio\slb200\vincents 1-34.wav,d10588e90b0f656d1b4eae1c48cfca175ab5506a5f59631f4aa0301ede725439,True,0.5027210884353741,mapped,1.0,,0.10028176790106236,12239934,278.05224489795916,277.5495238095238,0.9987325263355255,0.8984507584344631,1562779,8
slb200_vincents_take_1_cubase_slices,vincents 1-35.wav,C:\IR audio\slb200\vincents 1-35.wav,1fbc58f14e73e8f863320bf50c9c3288d1ff250622413bc02b8dff6a051c01b2,True,0.4346031746031746,mapped,1.0,,0.11432854014721827,12262103,278.4868253968254,278.0522222222222,0.9996010487057767,0.8852725085585584,1563155,8
slb200_vincents_take_1_cubase_slices,vincents 1-36.wav,C:\IR audio\slb200\vincents 1-36.wav,511c32f5791238baef6fd41c3b233d50a8390204a2ab434413405445d20fa6df,True,0.44882086167800456,ambiguous_match,0.5946230711233123,,0.001275917855087072,,,,0.7249828552153488,0.7237069373602617,1563076,8
slb200_vincents_take_1_cubase_slices,vincents 1-37.wav,C:\IR audio\slb200\vincents 1-37.wav,40a7b85041713b02ea996edf94588c55544fe9450630d97c01f0221c0d032c35,True,0.41034013605442177,mapped,0.9999999999999998,,0.36496177176552735,12301061,279.3459637188208,278.9356235827664,0.9932104655139242,0.6282486937483969,1563289,8
slb200_vincents_take_1_cubase_slices,vincents 1-38.wav,C:\IR audio\slb200\vincents 1-38.wav,c4fb44c2e3034271c264748dfb2c0ef9b5bc95c3b02a338d8a9563442a5b6859,True,0.4796371882086168,mapped,1.0,,0.08019493667053867,12319156,279.8255782312925,279.3459410430839,0.9901229565402205,0.9099280198696819,1562907,8
slb200_vincents_take_1_cubase_slices,vincents 1-39.wav,C:\IR audio\slb200\vincents 1-39.wav,a737e2ab9d64c6d3f570872615d472357f84968d8d1b312c154c17c3d317aa34,True,0.44299319727891157,mapped,0.9999999999999994,,0.34278947614124755,12340307,280.2685487528345,279.8255555555556,0.9945242108126868,0.6517347346714393,1563109,8
slb200_vincents_take_1_cubase_slices,vincents 1-40.wav,C:\IR audio\slb200\vincents 1-40.wav,9b523d1c377a8e3c565337cffd7c5cbcda52258e2909b57be39d750ff0ef13ea,True,0.4273015873015873,mapped,0.9540971849785485,,0.44130511000700934,12359843,280.6958503401361,280.2685487528345,0.9499805865615056,0.5086754765544963,1563195,8
slb200_vincents_take_1_cubase_slices,vincents 1-41.wav,C:\IR audio\slb200\vincents 1-41.wav,77d6d03dda0e48b7a9935c10b00ee6d99e50a6506997719446f0f918c4d6351d,True,0.42131519274376417,mapped,1.0000000000000002,,0.4154608855870856,12378686,281.1171428571428,280.6958276643991,0.9857443765306286,0.570283490943543,1563228,8
slb200_vincents_take_1_cubase_slices,vincents 1-42.wav,C:\IR audio\slb200\vincents 1-42.wav,952f3bdcd5389e7dc7c351b35d72dc8ebb206d62bc10dab70cbd66f08fef6d8e,True,0.4622222222222222,mapped,0.9999999999999999,,0.4744662987483981,12397265,281.5793424036281,281.1171201814059,0.9894529827636939,0.5149866840152958,1563003,8
slb200_vincents_take_1_cubase_slices,vincents 1-43.wav,C:\IR audio\slb200\vincents 1-43.wav,56eb1f612aa27b3870ec1aec2f4d21f469bfa87cde329c74b22bb27553a9c446,True,0.46709750566893427,mapped,0.9926462416608313,,0.4596582481500142,12417648,282.04641723356013,281.5793197278912,0.9930523426570572,0.533394094507043,1562976,8
slb200_vincents_take_1_cubase_slices,vincents 1-44.wav,C:\IR audio\slb200\vincents 1-44.wav,dc1483c92ac1f16d54db672df75682b8099f1062040d9639f069fb2c93e65309,True,0.49988662131519274,mapped,0.8915064848745088,,0.25252325240879303,12438247,282.54630385487525,282.0464172335601,0.8567925906137138,0.6042693382049208,1562795,8
slb200_vincents_take_1_cubase_slices,vincents 1-45.wav,C:\IR audio\slb200\vincents 1-45.wav,7704af8365b3883cb0731d138fcec04708265698e9e2bf86d2f7436e8c8e6b05,True,0.893015873015873,unmatchable_silence_or_short,,,,,,,,,,
slb200_vincents_take_1_cubase_slices,vincents 1-46.wav,C:\IR audio\slb200\vincents 1-46.wav,f1e31d6834db5ed0dd9c8336230f26bd5e05b0017c9458fc6b1cbee13344602e,True,0.8702721088435375,unmatchable_silence_or_short,,,,,,,,,,
slb200_vincents_take_1_cubase_slices,vincents 1-47.wav,C:\IR audio\slb200\vincents 1-47.wav,ca3d9d19465b90652ea18787a0c04e21215ca65b50f1546ad9a7f613e0416058,True,0.9744897959183674,unmatchable_low_energy,,,,,,,,,,
slb200_vincents_take_1_cubase_slices,vincents 1-48.wav,C:\IR audio\slb200\vincents 1-48.wav,669fe1a7c0c4fdd5300242e59ed45bf5ca5c3a85b078965db8dba317a942ccae,True,0.9026077097505669,mapped,0.998111445112607,,0.38708621713181424,12335266,280.61385487528344,279.7112471655329,0.9955214977346064,0.6084352806027922,1560575,8
slb200_vincents_take_1_cubase_slices,vincents 1-49.wav,C:\IR audio\slb200\vincents 1-49.wav,a97ebd8e6d6df9c7293104feba58e06b37b860fb29a380e1fb2d721e80ca872e,True,1.0323356009070295,unmatchable_low_energy,,,,,,,,,,
slb200_vincents_take_1_cubase_slices,vincents 1-50.wav,C:\IR audio\slb200\vincents 1-50.wav,243d0a087a9b920e1adc0d3354de17dc0612d0b8ffe09a81206aab08ea7adfc6,True,0.900907029478458,mapped,0.8357709992873921,,0.05123753047749391,12256755,278.8318594104308,277.93095238095236,0.8434494088510821,0.7922118783735882,1560584,8
slb200_vincents_take_1_cubase_slices,vincents 1-51.wav,C:\IR audio\slb200\vincents 1-51.wav,93c47cc59793d3b9839e74c413a6197afec0d3821a61eef2e7f46477114384b0,True,0.45984126984126983,mapped,1.0,,0.36243776872694444,12296485,279.29170068027213,278.83185941043087,0.9926329430178972,0.6301951742909527,1563016,8
slb200_vincents_take_1_cubase_slices,vincents 1-52.wav,C:\IR audio\slb200\vincents 1-52.wav,a588da294832279895e2affc70354dae48ef44669d46b065108ae42843bc9cae,True,0.4478231292517007,mapped,1.0000000000000002,,0.03713863715895327,12316763,279.7395011337868,279.29167800453513,0.9944413379786762,0.9573027008197229,1563082,8
slb200_vincents_take_1_cubase_slices,vincents 1-53.wav,C:\IR audio\slb200\vincents 1-53.wav,9d53e5a9601d8e284b695d6e346a521f5aebb28bce2250633452e842b4b620b1,True,0.48392290249433106,mapped,0.9999999999999998,,0.21370166068846874,12336511,280.2234013605442,279.73947845804986,0.9993195070673713,0.7856178463789025,1562883,8
slb200_vincents_take_1_cubase_slices,vincents 1-54.wav,C:\IR audio\slb200\vincents 1-54.wav,e36b7506f3846236ff78f44a1f469265a273e5d2c0260c6cd737978cff906304,True,0.46319727891156465,mapped,0.9399389996029393,,0.2709808731689042,12357852,280.6865986394558,280.22340136054424,0.9353998792898358,0.6644190061209316,1562997,8
slb200_vincents_take_1_cubase_slices,vincents 1-55.wav,C:\IR audio\slb200\vincents 1-55.wav,8e79daf891e630c0697d87f3b1538fe201d6139cd5997a9dbbaf014f8d9c8bc7,True,0.44811791383219957,mapped,1.0000000000000002,,0.4520518570484837,12378279,281.134716553288,280.6865986394558,0.987416006235235,0.5353641491867512,1563080,8
slb200_vincents_take_1_cubase_slices,vincents 1-56.wav,C:\IR audio\slb200\vincents 1-56.wav,11f16372f4412db7ee0fb9034630bd1a43de8584f4bf2b66fd60a75c75a4e23b,True,0.4604761904761905,mapped,1.0000000000000002,,0.4820872159251828,12398041,281.5951927437642,281.134716553288,0.9893903925290388,0.507303176603856,1563012,8
slb200_vincents_take_1_cubase_slices,vincents 1-57.wav,C:\IR audio\slb200\vincents 1-57.wav,d68bc7688931dde0e5467ca786e070bfefb01eb239779891c3c0456980d81c77,True,0.3687981859410431,mapped,1.0000000000000002,,0.3647596916889172,12418347,281.96396825396823,281.5951700680272,0.9818163365569872,0.61705664486807,1563518,8
slb200_vincents_take_1_cubase_slices,vincents 1-58.wav,C:\IR audio\slb200\vincents 1-58.wav,38c281277fee03381e480567b192da305b98a63014ce737f14cb00799cb136a3,True,0.47374149659863946,mapped,0.7631257927573457,,0.22590862839680081,12434610,282.4376870748299,281.9639455782313,0.7347060751728578,0.508797446776057,1562939,8
slb200_vincents_take_1_cubase_slices,vincents 1-59.wav,C:\IR audio\slb200\vincents 1-59.wav,e4876fe152fc21fbe639f63d585adeb766c563fd3f785505e5ceab164245e4fc,True,0.5850793650793651,unmatchable_silence_or_short,,,,,,,,,,
slb200_vincents_take_1_cubase_slices,vincents 1-60.wav,C:\IR audio\slb200\vincents 1-60.wav,baffbdcc95f8b3ad2165edf04aff595d00f5378723996836cb21becd132e9d84,True,0.34244897959183673,unmatchable_silence_or_short,,,,,,,,,,
slb200_vincents_take_1_cubase_slices,vincents 1-61.wav,C:\IR audio\slb200\vincents 1-61.wav,79f436bfed1db3852d518759bcffb2d2dfa5ce24c8bab3626ead52cfac9acb13,True,0.1528344671201814,unmatchable_silence_or_short,,,,,,,,,,
slb200_vincents_take_1_cubase_slices,vincents 1-62.wav,C:\IR audio\slb200\vincents 1-62.wav,35462b98102941cb91a4011533fe8ba502aa52c9c0023243a26b4771aa1d582c,True,0.2091156462585034,unmatchable_silence_or_short,,,,,,,,,,
slb200_vincents_take_1_cubase_slices,vincents 1-63.wav,C:\IR audio\slb200\vincents 1-63.wav,ae8129e9f6a608c0e6636904b44964c516d35532eea75655d19db0255a96eef8,True,0.0872108843537415,unmatchable_silence_or_short,,,,,,,,,,
slb200_vincents_take_1_cubase_slices,vincents 1-64.wav,C:\IR audio\slb200\vincents 1-64.wav,3abc74c56757d4bd1c2c5324616ac67cc07a37729e90786b4486f713a81e40e6,True,0.20782312925170068,unmatchable_silence_or_short,,,,,,,,,,
slb200_vincents_take_1_cubase_slices,vincents 1-65.wav,C:\IR audio\slb200\vincents 1-65.wav,3a54a17bf35f5c4e927c34a3e24853b0c6a95ab5e2ffa45d76725d1c1eb645a2,True,0.15807256235827663,unmatchable_silence_or_short,,,,,,,,,,
slb200_vincents_take_1_cubase_slices,vincents 1-66.wav,C:\IR audio\slb200\vincents 1-66.wav,7042ebca98dab317b78d87e7bd5e051ddb03c08409764eedd1be7211b3c7b1ee,True,0.18820861678004536,unmatchable_silence_or_short,,,,,,,,,,
slb200_vincents_take_1_cubase_slices,vincents 1-67.wav,C:\IR audio\slb200\vincents 1-67.wav,edad897dcdcbdf9acf322d322d09ded22836ce1439f835ce42aa13f2d4a1a88a,True,0.8712698412698413,ambiguous_match,0.4042874387406319,,0.07019202615339365,,,,0.4458621879575743,0.37567016180418067,1560748,8
slb200_vincents_take_1_cubase_slices,vincents 1-68.wav,C:\IR audio\slb200\vincents 1-68.wav,184c944b29ba9eb7bd35fedcb51cf9a8e86138d25cb0ef1143501938714b53ed,True,0.16095238095238096,mapped,1.0000000000000002,,0.04951263204909617,12251388,277.97020408163263,277.80925170068025,0.9932015451861134,0.9436889131370172,1564663,8
slb200_vincents_take_1_cubase_slices,vincents 1-69.wav,C:\IR audio\slb200\vincents 1-69.wav,b4afd5fc1b8166243a48b5ecb88cecdc0a3288d7c77a5f2f8cc1496cdc0defe7,True,0.13417233560090702,mapped,0.9999999999999999,,0.0521539713630671,12258486,278.10437641723354,277.97020408163263,0.9985526754347287,0.9463987040716616,1564811,8
slb200_vincents_take_1_cubase_slices,vincents 1-70.wav,C:\IR audio\slb200\vincents 1-70.wav,ecb54733372959b01b2aa974569ed48ca81b3f520f4c9bf923a7667bbac82954,True,0.36845804988662134,mapped,1.0000000000000004,,0.111055714675251,12264402,278.4728117913832,278.1043537414966,0.9985324316456088,0.8874767169703578,1563519,8
slb200_vincents_take_1_cubase_slices,vincents 1-71.wav,C:\IR audio\slb200\vincents 1-71.wav,8633a53aaed1c926f1ba07d6c6f5029efe511df68a7baea715b11b6b11b28174,True,0.15126984126984128,mapped,1.0,,0.11064601544769304,12280651,278.62408163265303,278.4728117913832,0.9953231535978968,0.8846771381502038,1564717,8
slb200_vincents_take_1_cubase_slices,vincents 1-72.wav,C:\IR audio\slb200\vincents 1-72.wav,15c678bf61c350319b2350b372e230c2406160ef9ae0d5150db44d95b7f74568,True,0.09303854875283447,unmatchable_silence_or_short,,,,,,,,,,
slb200_vincents_take_1_cubase_slices,vincents 1-73.wav,C:\IR audio\slb200\vincents 1-73.wav,8daf8c17e5ee99ef9f70e811f8ae64cd11f9d70d09a224198f5d52d32fad414a,True,0.10467120181405895,mapped,1.0000000000000002,,0.15953922626108508,12291425,278.82179138322,278.7171201814059,0.9994980395850955,0.8399588133240105,1564974,8
slb200_vincents_take_1_cubase_slices,vincents 1-74.wav,C:\IR audio\slb200\vincents 1-74.wav,3bbf094e66bca6e5c40f557f24a8f281d54fc904109af0e3971713d0fef8ac1b,True,0.9057142857142857,mapped,1.0000000000000004,,0.6013038060732054,12296041,279.7275056689342,278.82179138321993,0.9988974190041731,0.39759361293096757,1560558,8
slb200_vincents_take_1_cubase_slices,vincents 1-75.wav,C:\IR audio\slb200\vincents 1-75.wav,b151b0b65ba080d0889ad327960fcf34befb6bf790bc758a3d950331d26b75aa,True,0.5620181405895691,mapped,0.9999999999999998,,0.24050076421574784,12335982,280.2895011337868,279.72748299319727,0.9974070716675582,0.7569063074518103,1562452,8
slb200_vincents_take_1_cubase_slices,vincents 1-76.wav,C:\IR audio\slb200\vincents 1-76.wav,adeca78b4d45fc90e248d04559d9f98215bca1b5351245c6372f383c27fc7a33,True,1.1979365079365079,mapped,0.9561182194071253,,0.6218956122973345,12360767,281.4874376417234,280.28950113378687,0.9545744559990424,0.3326788437017079,1558947,8
slb200_vincents_take_1_cubase_slices,vincents 1-77.wav,C:\IR audio\slb200\vincents 1-77.wav,aaad4a06b56dbe10dceb61900971a74ea9ccaa928bd45f7ae8a5d7a154c02048,True,0.4669160997732426,mapped,0.9999999999999999,,0.41483379362458783,12413595,281.9543310657596,281.4874149659864,0.9785754763277996,0.5637416827032118,1562977,8
slb200_vincents_take_1_cubase_slices,vincents 1-78.wav,C:\IR audio\slb200\vincents 1-78.wav,39849e17d83349abd238245de9ab480fa361d866b45a95ca5db8bcca5b3c95d2,True,0.32839002267573697,mapped,0.832090151703962,,0.19088347105012327,12434186,282.2827210884354,281.9543310657596,0.804359575915651,0.6134761048655277,1563740,8
slb200_vincents_take_1_cubase_slices,vincents 1-79.wav,C:\IR audio\slb200\vincents 1-79.wav,d3154619474d3569f511e6afdf4a65b7818613d3bb0ce20659ed6b123321fc55,True,0.11571428571428571,unmatchable_silence_or_short,,,,,,,,,,
slb200_vincents_take_1_cubase_slices,vincents 1-80.wav,C:\IR audio\slb200\vincents 1-80.wav,d6b4e2ded22218d5a47b8290d12ebde922e98b8241d53201d6bb3aeaaebcd775,True,0.4006575963718821,unmatchable_silence_or_short,,,,,,,,,,
slb200_vincents_take_1_cubase_slices,vincents 1-81.wav,C:\IR audio\slb200\vincents 1-81.wav,97a5453106d5f6be286041669bb2f30230fa3d429db48149fab4c92135f30dc5,True,0.39512471655328796,unmatchable_silence_or_short,,,,,,,,,,
slb200_vincents_take_1_cubase_slices,vincents 1-82.wav,C:\IR audio\slb200\vincents 1-82.wav,1ae3368c7382340329a08ffc52260958c3c996c05e2a12c428f4e518650ba6c3,True,0.49705215419501136,unmatchable_silence_or_short,,,,,,,,,,
slb200_vincents_take_1_cubase_slices,vincents 1-83.wav,C:\IR audio\slb200\vincents 1-83.wav,c5a8ea1a880b3621471cbc0802bdd87b0e007f67602fde76aac86eb6f686c85b,True,0.43727891156462584,unmatchable_silence_or_short,,,,,,,,,,
slb200_vincents_take_1_cubase_slices,vincents 1-84.wav,C:\IR audio\slb200\vincents 1-84.wav,182cee9888aa3bf7cd1b1b34892f7d7dad083446c05087867e219d0e5fcaa4ec,True,0.4323356009070295,unmatchable_silence_or_short,,,,,,,,,,
slb200_vincents_take_1_cubase_slices,vincents 1-85.wav,C:\IR audio\slb200\vincents 1-85.wav,3a038d364331855f25e0bd1180a8b1e5a9fa7eaf730067c913e0db6020befd73,True,0.4146031746031746,unmatchable_silence_or_short,,,,,,,,,,
slb200_vincents_take_1_cubase_slices,vincents 1-86.wav,C:\IR audio\slb200\vincents 1-86.wav,acc59f2da2b068dce923db82b4af8a08b299953d3c9d0b4265636eccf02cd938,True,0.4427891156462585,mapped,0.9999999999999994,,0.09579017474852536,12239733,277.9877551020408,277.5449659863946,0.9971924259892746,0.9014022512407492,1563110,8
slb200_vincents_take_1_cubase_slices,vincents 1-87.wav,C:\IR audio\slb200\vincents 1-87.wav,8b79e7c2aa730de5e1b7c2dd18b5ba91ac62e2537e7747f8eb73afd774e549ad,True,0.4960544217687075,mapped,1.0000000000000002,,0.13021337530825627,12259260,278.4838095238095,277.9877551020408,0.9946158659599306,0.8644024906516743,1562816,8
slb200_vincents_take_1_cubase_slices,vincents 1-88.wav,C:\IR audio\slb200\vincents 1-88.wav,8a5c9c566c9be2510ac2407d0742a6d762530c9a56885b95ef1807e2bf2ee844,True,0.49594104308390025,ambiguous_match,0.5496968887665185,,0.05137420526190173,,,,0.5006969900366627,0.44932278477476095,1562817,8
slb200_vincents_take_1_cubase_slices,vincents 1-89.wav,C:\IR audio\slb200\vincents 1-89.wav,3d72b12bc18939fb017678f10c35a3f2b606eb0dee5a4d45bee2e75a0b7c5d97,True,0.4417460317460317,mapped,0.9999999999999996,,0.3835806784119904,12303006,279.4214739229025,278.9797278911565,0.9965079776157709,0.6129272992037805,1563115,8
slb200_vincents_take_1_cubase_slices,vincents 1-90.wav,C:\IR audio\slb200\vincents 1-90.wav,2b895ab017db38b6a0f8569651809899ed91192ddfc15c844bde49008cbf7e6d,True,0.41537414965986397,mapped,1.0000000000000002,,0.09269322374764755,12322486,279.83682539682536,279.4214512471655,0.9973073536832717,0.9046141299356242,1563261,8
slb200_vincents_take_1_cubase_slices,vincents 1-91.wav,C:\IR audio\slb200\vincents 1-91.wav,81b6eecb7b83224daee7b051c039a2e25a5935ac69f35ca312c6bc46ee44089e,True,0.4724716553287982,mapped,0.9999999999999997,,0.36348644656175866,12340804,280.3092970521542,279.8368253968254,0.9917114803572984,0.6282250337955397,1562946,8
slb200_vincents_take_1_cubase_slices,vincents 1-92.wav,C:\IR audio\slb200\vincents 1-92.wav,7a1ee3a378d87fd96c8b1b49a4a1746e77aa474ce090c0bbe5c458bc1e202089,True,0.3815873015873016,mapped,0.9822370903747025,,0.30694411571837354,12361640,280.69088435374147,280.3092970521542,0.9822510893438414,0.6753069736254679,1563447,8
slb200_vincents_take_1_cubase_slices,vincents 1-93.wav,C:\IR audio\slb200\vincents 1-93.wav,ac9b8c169a8fb10795b76ac9c43d46b2428aa3983f455396983d1e03edd9fde3,True,0.4412925170068027,unmatchable_silence_or_short,,,,,,,,,,
slb200_vincents_take_1_cubase_slices,vincents 1-94.wav,C:\IR audio\slb200\vincents 1-94.wav,7e1d6cfc3d22e1a78e18270309e016671bbc8952bde48249a32256455032ee84,True,0.42664399092970523,unmatchable_silence_or_short,,,,,,,,,,
slb200_vincents_take_1_cubase_slices,vincents 1-95.wav,C:\IR audio\slb200\vincents 1-95.wav,fd012f28d4ee476608fb38c8106477fabf90f30b34f27b6389977470eb9ffb11,True,0.42063492063492064,unmatchable_silence_or_short,,,,,,,,,,
slb200_vincents_take_1_cubase_slices,vincents 1-96.wav,C:\IR audio\slb200\vincents 1-96.wav,e08a56313b4cd48c42a9d153a718b7d6adfd2642c726b7c2f29f8ad96238e3fc,True,0.43639455782312925,unmatchable_silence_or_short,,,,,,,,,,
slb200_vincents_take_1_cubase_slices,vincents 1-97.wav,C:\IR audio\slb200\vincents 1-97.wav,4f24bb112a68cd91d51043c0e20d05f2232a59f5e0e9aad6ecc540075961651f,True,0.49378684807256235,unmatchable_silence_or_short,,,,,,,,,,
slb200_vincents_take_1_cubase_slices,vincents 1-98.wav,C:\IR audio\slb200\vincents 1-98.wav,4d5d85fb193d44e38a5b9eb46638801cb10008bd933cd4bf9e4723afa67cbc3f,True,0.43272108843537416,unmatchable_silence_or_short,,,,,,,,,,
slb200_vincents_take_1_cubase_slices,vincents 1-99.wav,C:\IR audio\slb200\vincents 1-99.wav,4222bd45da7a5c6f3a648d7716e084e23c5c00df5ac3ecbd51e02a8cb34ce9ce,True,0.4444671201814059,mapped,0.9999999999999996,,0.29001121804624097,12249634,278.2139455782313,277.7694784580499,0.9985222123919062,0.7085109943456652,1563100,8
slb200_vincents_take_1_cubase_slices,vincents 1-100.wav,C:\IR audio\slb200\vincents 1-100.wav,3d2dac24fd88256b065244d806a0e69ba059991403bec752817226fc2b5207d9,True,0.42970521541950113,mapped,0.9688627635385187,,0.0790278763219382,12269234,278.64362811791386,278.21392290249435,0.8608810732287184,0.7818531969067802,1563182,8
slb200_vincents_take_1_cubase_slices,vincents 1-101.wav,C:\IR audio\slb200\vincents 1-101.wav,488618a97c78b3da7fe689c4a83f831b0b379350a100f6b74b7fc548f05834f3,True,0.41653061224489796,mapped,0.7633156466731471,,0.2199965215041466,12283398,278.95163265306127,278.53510204081635,0.7623440948812887,0.5423475733771421,1563254,8
slb200_vincents_take_1_cubase_slices,vincents 1-102.wav,C:\IR audio\slb200\vincents 1-102.wav,3f09a3b6fde74c74dae6ed97239993c236b51bc36294d3ac0ddd54bbbcce0db1,True,1.468390022675737,mapped,1.0,,0.34500967838136787,12306553,280.52854875283447,279.0601587301587,0.9993120820280401,0.6543024036466722,1557456,8
slb200_vincents_take_1_cubase_slices,vincents 1-103.wav,C:\IR audio\slb200\vincents 1-103.wav,95fb8930c0fa5326ae5a0b8025c56a9b72436e61444bd0674dc1983dec91d8c6,True,0.43213151927437643,ambiguous_match,0.649832500627389,,0.1608013542766959,,,,0.6407581473152562,0.47995679303856026,1563168,8
slb200_vincents_take_1_cubase_slices,vincents 1-104.wav,C:\IR audio\slb200\vincents 1-104.wav,9c2d8b23f898c18d762efa1838cd7b712fe33e3bba2d705f84ead6819d9156fc,True,0.48768707482993195,mapped,1.0000000000000002,,0.35852747916796557,12390365,281.4483446712018,280.9606575963719,0.9894155560302851,0.6308880768623195,1562862,8
slb200_vincents_take_1_cubase_slices,vincents 1-105.wav,C:\IR audio\slb200\vincents 1-105.wav,ae171801bb19377ff104d1d7612e5065f7d5f1e3ca0c3e4ce40fba2ff57e91b6,True,0.47,mapped,0.9999999999999999,,0.4956795037109902,12411871,281.9183219954649,281.4483219954649,0.9772117141598097,0.4815322104488195,1562960,8
slb200_vincents_take_1_cubase_slices,vincents 1-106.wav,C:\IR audio\slb200\vincents 1-106.wav,9769a7bdcbf6fd2e5b83a600df2adbf4da8e1afbe3303ad7cfbf827f1aaee699,True,0.5350566893424036,mapped,0.8389157029583635,,0.21220468041750562,12432597,282.4533560090703,281.9182993197279,0.8211584214754162,0.6089537410579106,1562601,8
slb200_vincents_take_1_cubase_slices,vincents 1-107.wav,C:\IR audio\slb200\vincents 1-107.wav,349562056db758e1d2b97c56605ee2d21fadd743e9b2d81b339c49f3e56e44ad,True,0.6670521541950113,unmatchable_silence_or_short,,,,,,,,,,
slb200_vincents_take_1_cubase_slices,vincents 1-108.wav,C:\IR audio\slb200\vincents 1-108.wav,86c1387e2ce5aa6a1784f831b1d1bfd99f17ad61da90e8626edb9ca3310a44d9,True,0.7227891156462585,unmatchable_silence_or_short,,,,,,,,,,
slb200_vincents_take_1_cubase_slices,vincents 1-109.wav,C:\IR audio\slb200\vincents 1-109.wav,172b779538330c5026d4f6c5ad969f2338efeb1d991d1ef12d19495dc3799aee,True,0.9497959183673469,unmatchable_silence_or_short,,,,,,,,,,
slb200_vincents_take_1_cubase_slices,vincents 1-110.wav,C:\IR audio\slb200\vincents 1-110.wav,91c13fa7e1af7d9d532094cdcd1f313a5e3d8f43d8bbbf4f6e71ac9a885ab8f2,True,1.1001133786848072,mapped,0.8027516348930159,,0.20551573325326944,7618129,173.84680272108844,172.74668934240364,0.8019429799920211,0.5964272467387517,1559486,8
slb200_vincents_take_1_cubase_slices,vincents 1-111.wav,C:\IR audio\slb200\vincents 1-111.wav,0d4bcfa340e27ac4c0de452c1c8eb135ca717d54cee4402f2f282367af94db3b,True,1.1240816326530612,ambiguous_match,0.5111272472495378,,0.11868868471925947,,,,0.561272621311912,0.44258393659265255,1559354,8
slb200_vincents_take_1_cubase_slices,vincents 1-112.wav,C:\IR audio\slb200\vincents 1-112.wav,9fb1a3dc18df3d564ad4a2312bf566600047a5962816f44fd5142b8d849616db,True,1.0689342403628117,mapped,0.9998986515186045,,0.39122969368655025,12329776,280.65569160997734,279.58675736961453,0.9998987573497697,0.6086690636632195,1559658,8
slb200_vincents_take_1_cubase_slices,vincents 1-113.wav,C:\IR audio\slb200\vincents 1-113.wav,e1e257a05b012a9ae2e44c529eeca624ae7ae9a9f7487ba0ebadeeb55ff938b4,True,1.682154195011338,unmatchable_low_energy,,,,,,,,,,
slb200_vincents_take_1_cubase_slices,vincents 1-114.wav,C:\IR audio\slb200\vincents 1-114.wav,f36e0728555cdf8aaf929457c3d6c6e99cf188d797fcb5e38dd9bdb5871d7c22,True,1.2053968253968255,ambiguous_match,0.40038479505642693,,0.18515116572365353,,,,0.5718480535453334,0.3866968878216799,1558906,8
slb200_vincents_take_1_cubase_slices,vincents 1-115.wav,C:\IR audio\slb200\vincents 1-115.wav,0500cd97561b74541068454d2bc7644f65fd5b05c470a6299d43d2ded158f597,True,1.4207709750566893,mapped,0.9656340614949201,,0.5311852793350688,12340414,281.24875283446715,279.82798185941044,0.9632147342153391,0.43202945488027034,1557719,8
slb200_vincents_take_1_cubase_slices,vincents 1-116.wav,C:\IR audio\slb200\vincents 1-116.wav,c1cdeeefbea9e32a4d70f2173d1d81747727e69c37cf98b6a02f73baae190a62,True,1.698140589569161,ambiguous_match,0.25185334407570087,,0.05277982835489947,,,,0.25199064555741574,0.19921081720251627,1556190,8
slb200_vincents_take_1_cubase_slices,vincents 1-117.wav,C:\IR audio\slb200\vincents 1-117.wav,78c79fc740663ff0e552cd57b4ea7f667f684735edeb83158e58d68375f8d88b,True,1.4756462585034014,mapped,0.9644309052454225,,0.6899981067649618,12396038,282.5649433106576,281.0892970521542,0.9484758421503466,0.2584777353853849,1557416,8
slb200_vincents_take_1_cubase_slices,vincents 1-118.wav,C:\IR audio\slb200\vincents 1-118.wav,295b5ef1a58df46b187411a2ae6c5e0fd850aaad949bc318e0808e15c292ac27,True,0.888140589569161,mapped,0.810160956994219,,0.2101077763044732,6298364,143.7081859410431,142.82004535147394,0.8071108466543876,0.5970030703499144,1560655,8
slb200_vincents_take_1_cubase_slices,vincents 1-119.wav,C:\IR audio\slb200\vincents 1-119.wav,f14342f2aefd1cc882e442501e90705c8f09d26f6a0efe7407a7013ae844e81f,True,0.7997278911564626,mapped,0.9984035211811656,,0.2588855382784948,12336440,280.5375963718821,279.73786848072564,0.9983962240879243,0.7395106858094295,1561142,8
slb200_vincents_take_1_cubase_slices,vincents 1-120.wav,C:\IR audio\slb200\vincents 1-120.wav,79dc0d294a2267621623d4d84347f4ada844cfbb548b036557965f8f82292a6d,True,0.8468707482993197,mapped,1.0000000000000002,,0.5227684019130157,12371707,281.3844444444444,280.5375736961451,0.9899442352366493,0.46717583332363366,1560882,8
slb200_vincents_take_1_cubase_slices,vincents 1-121.wav,C:\IR audio\slb200\vincents 1-121.wav,d231c7ce6feba1140d6b60b235891ec36367c083afe3f27c73e433abde39c324,True,0.7982766439909297,mapped,0.9820672734835186,,0.5120106505483946,12409053,282.18269841269836,281.38442176870745,0.9568671981088699,0.4448565475604753,1561150,8
slb200_vincents_take_1_cubase_slices,vincents 1-122.wav,C:\IR audio\slb200\vincents 1-122.wav,7272e9b6ebcf52b7e06421db258d0cc326ed02763a7b19fae9c6f18ec4d0dd5f,True,0.8812471655328799,unmatchable_silence_or_short,,,,,,,,,,
slb200_vincents_take_1_cubase_slices,vincents 1-123.wav,C:\IR audio\slb200\vincents 1-123.wav,06dd21622645bd6f99aa587554c482d7da039cc0c6ad6c5a022d1c6d944a95b3,True,0.05038548752834467,unmatchable_silence_or_short,,,,,,,,,,
slb200_vincents_take_1_cubase_slices,vincents 1-124.wav,C:\IR audio\slb200\vincents 1-124.wav,fa27228e65052672e8684252c80fa067b7013bfdcb2c938ec8a4873046cfc207,True,0.8528117913832199,unmatchable_silence_or_short,,,,,,,,,,
slb200_vincents_take_1_cubase_slices,vincents 1-125.wav,C:\IR audio\slb200\vincents 1-125.wav,d1473b221814a72f34856fc5c25fc671f92982c6af91b3ee1b4afcaf990ab086,True,0.8368027210884353,ambiguous_match,0.5059650461513627,,0.13689827292025486,,,,0.5047968982690793,0.3678986253488244,1560938,8
slb200_vincents_take_1_cubase_slices,vincents 1-126.wav,C:\IR audio\slb200\vincents 1-126.wav,d4751e4ea03c5d24d2c41515477a25e2132470b11521ee43c53bd119148aab9f,True,1.0169841269841269,mapped,0.9913983423593209,,0.6057804869056123,12396011,282.1056689342404,281.08868480725624,0.9764331971983217,0.3706527102927094,1559944,8
slb200_vincents_take_1_cubase_slices,vincents 1-127.wav,C:\IR audio\slb200\vincents 1-127.wav,79ee816eb3b3dc77c55dbd335a8ff134c7f1e041a1b149a6cd0230bcaf10393c,True,0.9853741496598639,unmatchable_silence_or_short,,,,,,,,,,
slb200_vincents_take_1_cubase_slices,vincents 1-128.wav,C:\IR audio\slb200\vincents 1-128.wav,dc4e50e0b755a88fce73897cb05e63622dd8274a86a2f23535aa371784c6f2d9,True,1.3231972789115647,unmatchable_silence_or_short,,,,,,,,,,
slb200_vincents_take_1_cubase_slices,vincents 1-129.wav,C:\IR audio\slb200\vincents 1-129.wav,d8ea6348b01a0bbe32676c44e0c773b8d635d082e629002bcb3e39be0aa2d5ff,True,0.2180498866213152,unmatchable_silence_or_short,,,,,,,,,,
slb200_vincents_take_1_cubase_slices,vincents 1-130.wav,C:\IR audio\slb200\vincents 1-130.wav,d3103e62379fd9faf3f251eeed19bb978b7fc2b44e42360d82200c97458915d7,True,0.9081632653061225,mapped,0.7950486909023208,,0.18879130689703272,6303825,143.85204081632654,142.94387755102042,0.7948314415527933,0.6060401346557606,1560544,8
slb200_vincents_take_1_cubase_slices,vincents 1-131.wav,C:\IR audio\slb200\vincents 1-131.wav,09cf40ad1a873598b2d176564f1dedf0dc063d276c005224879592ea092bfbfb,True,1.226485260770975,mapped,0.851558624539649,,0.23796836228598717,12264649,279.33643990929704,278.10995464852607,0.8512672274178107,0.6132988651318235,1558790,8
slb200_vincents_take_1_cubase_slices,vincents 1-132.wav,C:\IR audio\slb200\vincents 1-132.wav,e08f34496bea78e4a4050fb80e278cc9e06d2a78379fab9dd70e0f4cb88a76bc,True,0.439297052154195,mapped,0.9999999999999997,,0.06908503346920969,12318736,279.7757142857143,279.3364172335601,1.0,0.9309149665307903,1563129,8
slb200_vincents_take_1_cubase_slices,vincents 1-133.wav,C:\IR audio\slb200\vincents 1-133.wav,b7bd62142657e80e1d4f24b38e1e6e481e89ef60e4e4d683188457f58c039e44,True,3.341768707482993,mapped,0.9984927171820277,,0.6329935112156491,12338108,283.1174603174603,279.77569160997734,0.9897514683292877,0.35675795711363867,1547129,8
slb200_vincents_take_1_cubase_slices,vincents 1-134.wav,C:\IR audio\slb200\vincents 1-134.wav,7d494ecaf6e4704cfe0dbc3a95903e481bfaddccd9072fd1f7ec6ab094251bd9,True,1.5370748299319728,ambiguous_match,0.2444738196113293,,0.009219942336598952,,,,0.2455870547809903,0.23636711244439135,1557077,8
slb200_vincents_take_1_cubase_slices,vincents 1-135.wav,C:\IR audio\slb200\vincents 1-135.wav,1e91df0f553c2264a2ae7a2a308cf52dbd13e86a6c5c162c3aa314c1852e364f,True,0.16938775510204082,mapped,1.0,,0.3111937727228248,12389425,281.10873015873017,280.93934240362813,0.9814328991543713,0.6702391264315465,1564617,8
slb200_vincents_take_1_cubase_slices,vincents 1-136.wav,C:\IR audio\slb200\vincents 1-136.wav,3ada7dd3b0e50c21b2e69228c4cb380792067dc4e660b2fdd22f2f8d15139c35,True,0.11564625850340136,unmatchable_silence_or_short,,,,,,,,,,
slb200_vincents_take_1_cubase_slices,vincents 1-137.wav,C:\IR audio\slb200\vincents 1-137.wav,83ba2a53436e5a7dc18267ef3053969dd502c0ce963aa21c044a422086ac8f73,True,0.11945578231292517,unmatchable_silence_or_short,,,,,,,,,,
slb200_vincents_take_1_cubase_slices,vincents 1-138.wav,C:\IR audio\slb200\vincents 1-138.wav,4a5ec931dacc7932dcc3e6693ffac12a086d59e1f2c2dc284e6ea7c16803838c,True,3.271904761904762,unmatchable_silence_or_short,,,,,,,,,,
slb200_vincents_take_1_cubase_slices,vincents 1-139.wav,C:\IR audio\slb200\vincents 1-139.wav,1619aad328290a3ae8e907395c23e2ce12dab385f8c32e18619dc4290403f3fe,True,1.402607709750567,ambiguous_match,0.6488769745441793,,0.07477472008672004,,,,0.6480522571704335,0.5732775370837134,1557819,8
slb200_vincents_take_1_cubase_slices,vincents 1-140.wav,C:\IR audio\slb200\vincents 1-140.wav,2317ad83767dc23fdedefd2341f7b0390e2928e21ac5312880591347f5ff5f7a,True,2.3237414965986396,ambiguous_match,0.5802798617017155,,0.05440034767680357,,,,0.5815182027486838,0.5271178550718802,1552741,8
slb200_vincents_take_1_cubase_slices,vincents 1-141.wav,C:\IR audio\slb200\vincents 1-141.wav,44dd7b24f429aecbdf76eb82d4d4b161bc86b055e2c182dadc6ec48bea57e180,True,0.9910204081632653,unmatchable_silence_or_short,,,,,,,,,,
slb200_vincents_take_1_cubase_slices,vincents 1-142.wav,C:\IR audio\slb200\vincents 1-142.wav,25e61d2878eac272cd3b7939d4ca01cd6a67155972723f76b953c1de97835081,True,2.8151247165532878,unmatchable_silence_or_short,,,,,,,,,,
slb200_vincents_take_1_cubase_slices,vincents 1-143.wav,C:\IR audio\slb200\vincents 1-143.wav,e8b17f4d411ce87aa0a84d3b54fb60febe2cf2a09cff2156ca514e720daa4e56,True,2.8848072562358276,ambiguous_match,0.4151171901410108,,0.0563358097723517,,,,0.4139118551898331,0.3575760454174814,1549648,8
slb200_vincents_take_1_cubase_slices,vincents 1-144.wav,C:\IR audio\slb200\vincents 1-144.wav,091d327455e56d1fb296660b6ee001c9c70d2f63cfc2f825745a1ccfdbe17d73,True,0.10904761904761905,mapped,0.9689229792492866,,0.05975313290751083,12437515,282.1388662131519,282.0298185941043,0.9687922290796683,0.9090390961721575,1564949,8
slb200_vincents_take_1_cubase_slices,vincents 1-145.wav,C:\IR audio\slb200\vincents 1-145.wav,787a28a9be5daae1a73941532ed0d6f470ae9693326e582467ecc7e27aa273e4,True,0.08439909297052155,unmatchable_silence_or_short,,,,,,,,,,
slb200_vincents_take_1_cubase_slices,vincents 1-146.wav,C:\IR audio\slb200\vincents 1-146.wav,f9b6fe717635d54f3bf7d739495389196c744edd092669e61192753cde6e5555,True,0.07276643990929706,unmatchable_silence_or_short,,,,,,,,,,
slb200_vincents_take_1_cubase_slices,vincents 1-147.wav,C:\IR audio\slb200\vincents 1-147.wav,7c2a5d6121830aca5f5914b11621eae00beb8a524c5c38fa2423bdb121d6ae8b,True,0.0729251700680272,unmatchable_silence_or_short,,,,,,,,,,
slb200_vincents_take_1_cubase_slices,vincents 1-148.wav,C:\IR audio\slb200\vincents 1-148.wav,1e85e324e836f393db6502f42dcab6a9a4a2a83393ad40868aba61140acdc446,True,0.07285714285714286,unmatchable_silence_or_short,,,,,,,,,,
slb200_vincents_take_1_cubase_slices,vincents 1-149.wav,C:\IR audio\slb200\vincents 1-149.wav,19826fb553b80cb79ecfb1d97cbad9f71884d9c2776cf001b58341e5e5aba660,True,1.266122448979592,unmatchable_silence_or_short,,,,,,,,,,
slb200_vincents_take_1_cubase_slices,vincents 1-150.wav,C:\IR audio\slb200\vincents 1-150.wav,986df9a75bdbb1f6a379613b4476d80e76b69572c1a60950248108ccd0d96663,True,2.6667120181405894,ambiguous_match,0.33061631580413303,,0.01964212088594991,,,,0.3281348652597581,0.3084927443738082,1550850,8
slb200_vincents_take_1_cubase_slices,vincents 1-151.wav,C:\IR audio\slb200\vincents 1-151.wav,47d6a8ff41684f094b69e96e2ca7edc19403aebeeda89a124f4ba9564a1edd41,True,2.9360090702947845,ambiguous_match,0.3373973067386055,,0.06396634974732174,,,,0.3462865419861763,0.2823201922388546,1549366,8
slb200_vincents_take_1_cubase_slices,vincents 1-152.wav,C:\IR audio\slb200\vincents 1-152.wav,53ee280635aec840d170ddd3fb32262c9dcfad58bb68c9c3f619e73b3d5ad4f6,True,2.4031065759637187,ambiguous_match,0.4573834892045352,,0.12259633397747244,,,,0.45568651371460467,0.33309017973713223,1552303,8
slb200_vincents_take_1_cubase_slices,vincents 1-153.wav,C:\IR audio\slb200\vincents 1-153.wav,24b85b40625a1e812578e5d2d75dfbc7015bcff081734035ae9e3e7e402e0215,True,3.565827664399093,mapped,0.8547943996171209,,0.4922014457967313,12291128,282.27621315192744,278.71038548752836,0.8550214191485599,0.3628199733518286,1545894,8
slb200_vincents_take_1_cubase_slices,vincents 1-154.wav,C:\IR audio\slb200\vincents 1-154.wav,ba2af911665af6ce240625308b5a2fadc0f63805a2b1c206ea5d236606c2ea03,True,2.1707256235827663,unmatchable_silence_or_short,,,,,,,,,,
slb200_vincents_take_1_cubase_slices,vincents 1-155.wav,C:\IR audio\slb200\vincents 1-155.wav,97228b3fe423da3c64346a9d5171362459c19adc7763b1e6e777648a3029015d,True,3.488390022675737,ambiguous_match,0.29140562351146615,,0.04223496955871511,,,,0.28238291123883363,0.24014794168011852,1546321,8
slb200_vincents_take_1_cubase_slices,vincents 1-156.wav,C:\IR audio\slb200\vincents 1-156.wav,d7ec1395c739b07f81102c5c62183fe765ce133026a76b967334d383d047239c,True,1.8322675736961451,unmatchable_silence_or_short,,,,,,,,,,
slb200_vincents_take_1_cubase_slices,vincents 1-157.wav,C:\IR audio\slb200\vincents 1-157.wav,bf9f8942fb090c6675c1a90e281993727822ed5ddcbaa66c1ab1cd833b8164e5,True,2.981859410430839,mapped,0.8808836786797832,,0.4386225133719019,12287228,281.6038095238095,278.62195011337866,0.872334596725016,0.4337120833531141,1549113,8
slb200_vincents_take_1_cubase_slices,vincents 1-158.wav,C:\IR audio\slb200\vincents 1-158.wav,5c560af9b1f2cc42fc26967647628d9f2f8be95a9a9f622499bcdefd6c7fabf9,True,0.7594104308390023,mapped,0.9989224141864488,,0.20443694508557075,12254887,278.6480045351474,277.88859410430837,0.998507458036394,0.7940705129508232,1561364,8
slb200_vincents_take_1_cubase_slices,vincents 1-159.wav,C:\IR audio\slb200\vincents 1-159.wav,8db66eb5875a1c1124cce054afc745eac7f51f04011a13b5bbf84822a25c344e,True,0.718140589569161,unmatchable_silence_or_short,,,,,,,,,,
slb200_vincents_take_1_cubase_slices,vincents 1-160.wav,C:\IR audio\slb200\vincents 1-160.wav,5dfbd7f10e43db1ee3995b558dbb63e4aaff17dd6ea0ab3df6e9d98dced97a6e,True,0.7024263038548753,unmatchable_silence_or_short,,,,,,,,,,
slb200_vincents_take_1_cubase_slices,vincents 1-161.wav,C:\IR audio\slb200\vincents 1-161.wav,07cfc384edc1e7e4bd00d5256222aacc1d860accd7d68f49c65a05e7f899fc9a,True,0.7731292517006803,unmatchable_silence_or_short,,,,,,,,,,
slb200_vincents_take_1_cubase_slices,vincents 1-162.wav,C:\IR audio\slb200\vincents 1-162.wav,02af38f07f4b1c0d9a005a5a4b800aa9d64daff1acc39b29bcfa7cebd704c4d3,True,0.7455328798185941,mapped,0.8682984088532276,,0.22883584290655612,6303703,143.6866439909297,142.9411111111111,0.8681554555478664,0.6393196126413103,1561441,8
slb200_vincents_take_1_cubase_slices,vincents 1-163.wav,C:\IR audio\slb200\vincents 1-163.wav,d7e80634fbdec4da19a9e0f14b440270ac1b0c9cb1f779a2c432fc332e09ed72,True,0.821609977324263,mapped,0.9968134667668956,,0.20985447572259375,12254156,278.6936281179138,277.87201814058955,0.9912382302537447,0.7813837545311509,1561021,8
slb200_vincents_take_1_cubase_slices,vincents 1-164.wav,C:\IR audio\slb200\vincents 1-164.wav,b74c967dd5df0df7b575d55db4933b5d25ce67ad01c2677e08b4a70559294bdf,True,0.8225396825396826,mapped,0.9999999999999992,,0.519569553580209,12290389,279.5161678004535,278.6936281179138,0.9949738933188672,0.4754043397386583,1561016,8
slb200_vincents_take_1_cubase_slices,vincents 1-165.wav,C:\IR audio\slb200\vincents 1-165.wav,625eb26c8005947bccb0ae4d9f533a6a4bb5cec5d30344c33ec9684d33d936b1,True,0.8162585034013605,mapped,0.9999999999999994,,0.31524936714387475,12326662,280.3324036281179,279.51614512471656,0.9973466294381005,0.6820972622942257,1561051,8
slb200_vincents_take_1_cubase_slices,vincents 1-166.wav,C:\IR audio\slb200\vincents 1-166.wav,1adcf6ad24b83634b2d4b20bfd859e63239c0bf10f13f2b5686e558b5f7ab16e,True,0.796485260770975,mapped,0.9744445308893204,,0.5282806025079332,12362658,281.1288662131519,280.33238095238096,0.971649505193919,0.44336890268598583,1561160,8
slb200_vincents_take_1_cubase_slices,vincents 1-167.wav,C:\IR audio\slb200\vincents 1-167.wav,bdead71ae55f8ec4322dd54ab13a2d2b32d47dc7108ae2779773fb9518bca630,True,0.7365079365079366,mapped,1.0000000000000004,,0.5505659228107358,12397783,281.8653741496599,281.1288662131519,0.9867353074642773,0.4361693846535415,1561491,8
slb200_vincents_take_1_cubase_slices,vincents 1-168.wav,C:\IR audio\slb200\vincents 1-168.wav,ee76571e91f7b76603e250439e314b30697a931e253150bf5a49e1ead78c0971,True,0.76140589569161,mapped,0.8454641671190662,,0.3842718913799031,12430263,282.6267800453515,281.8653741496599,0.8362668483267625,0.45199495694685937,1561353,8
slb200_vincents_take_1_cubase_slices,vincents 1-169.wav,C:\IR audio\slb200\vincents 1-169.wav,b179c5aa1edaf6a70e244cc062d42344345448b3fdbcc9ade4a98922c6bcd302,True,0.8333106575963719,unmatchable_silence_or_short,,,,,,,,,,
slb200_vincents_take_1_cubase_slices,vincents 1-170.wav,C:\IR audio\slb200\vincents 1-170.wav,3ed7bd1c9d00802077200e4ede8ec4de9bb9d0eeadefaffc75923da9b10b9bd2,True,0.7816326530612245,unmatchable_silence_or_short,,,,,,,,,,
slb200_vincents_take_1_cubase_slices,vincents 1-171.wav,C:\IR audio\slb200\vincents 1-171.wav,acb56ea046e7345d7188cf6e9d5ef525edc4bd248ce1d6f617ecc2d8cd7abd17,True,0.7096598639455782,ambiguous_match,0.7499155529248154,,0.22754239129376475,,,,0.7383017452696331,0.5107593539758684,1561639,8
slb200_vincents_take_1_cubase_slices,vincents 1-172.wav,C:\IR audio\slb200\vincents 1-172.wav,4ee811355d0a35b5e9b3d37490c04ce998f2d8ee8a13405097ded1674f1e0863,True,0.7941043083900227,unmatchable_silence_or_short,,,,,,,,,,
slb200_vincents_take_1_cubase_slices,vincents 1-173.wav,C:\IR audio\slb200\vincents 1-173.wav,a406f6f95c2ba879425497766c8cae8734bcec57452efbcdbd08a92d089f41e4,True,0.7304308390022676,unmatchable_silence_or_short,,,,,,,,,,
slb200_vincents_take_1_cubase_slices,vincents 1-174.wav,C:\IR audio\slb200\vincents 1-174.wav,4a90412a4eadbffec7db401a67fdc67ff84324f0c26f01eadcc6704bd830ddc1,True,0.7136961451247166,mapped,0.838735026950898,,0.22551463674167815,6303791,143.65680272108844,142.94310657596372,0.8385256512820691,0.613011014540391,1561616,8
slb200_vincents_take_1_cubase_slices,vincents 1-175.wav,C:\IR audio\slb200\vincents 1-175.wav,da8712593f2ef44f921e24ecbc0798ccea0aadf84147a28e5fdef0d088f613b2,True,0.8479591836734693,mapped,0.9391503366998072,,0.14860277788393061,12255458,278.74950113378685,277.90154195011337,0.937740456453737,0.7891376785698064,1560876,8
slb200_vincents_take_1_cubase_slices,vincents 1-176.wav,C:\IR audio\slb200\vincents 1-176.wav,dfde294355cb3a3e4410b396f55f10a57e8ad8c35aacd09c21dad6d577cb727e,True,0.797641723356009,mapped,1.0,,0.3576830631834549,12292853,279.5471428571429,278.74950113378685,0.9943318228485608,0.6366487596651059,1561154,8
slb200_vincents_take_1_cubase_slices,vincents 1-177.wav,C:\IR audio\slb200\vincents 1-177.wav,595b6b3e32d175da546e07626fd77f3ddd3fd3170ef9ab18cfeae74acac2580f,True,0.7541269841269841,mapped,1.0000000000000004,,0.24737117867712877,12328029,280.3012698412698,279.54714285714283,0.9942895551711651,0.7469183764940364,1561393,8
slb200_vincents_take_1_cubase_slices,vincents 1-178.wav,C:\IR audio\slb200\vincents 1-178.wav,6ca820cafd047b67a49759a437fc6a57967b3e0332f4a4589ae00db7423a96c2,True,0.71578231292517,mapped,0.9638103284899829,,0.5789294290546556,12361286,281.017052154195,280.30126984126986,0.960765991752244,0.3818365626975883,1561605,8
slb200_vincents_take_1_cubase_slices,vincents 1-179.wav,C:\IR audio\slb200\vincents 1-179.wav,0ebf07168813441038b8fb37e3373929af12d1d80d602847e295a0d5679e647d,True,0.771859410430839,mapped,1.0,,0.5709986212353049,12392852,281.7889115646259,281.017052154195,0.9851369184474513,0.4141382972121464,1561296,8
slb200_vincents_take_1_cubase_slices,vincents 1-180.wav,C:\IR audio\slb200\vincents 1-180.wav,066f7a2bc53bc66e1c3d33ebfc452511bb7655b797cce56fbca661e9617c61b0,True,0.8008616780045351,mapped,0.9716276012796471,,0.5258238020627858,12426891,282.5897732426304,281.78891156462583,0.9509433177050808,0.425119515642295,1561136,8
slb200_vincents_take_1_cubase_slices,vincents 1-181.wav,C:\IR audio\slb200\vincents 1-181.wav,8c3e4fd8004fc58bb9f7509adf94203d30db8dc58a5b7dba725d934952d61369,True,0.7484580498866213,unmatchable_silence_or_short,,,,,,,,,,
slb200_vincents_take_1_cubase_slices,vincents 1-182.wav,C:\IR audio\slb200\vincents 1-182.wav,65ecd4017221969ae1f213c0c07c506778bcb0fa0bbc0b18b5d79eb65b3a0b03,True,0.8331972789115646,unmatchable_silence_or_short,,,,,,,,,,
slb200_vincents_take_1_cubase_slices,vincents 1-183.wav,C:\IR audio\slb200\vincents 1-183.wav,0bfee3f256d49934b9624fd0ef4975400de79f9a56043ee763a99feb17015937,True,0.686984126984127,ambiguous_match,0.4468328368324344,,0.009269655634703333,,,,0.4063742474308544,0.39710459179615104,1561764,8
slb200_vincents_take_1_cubase_slices,vincents 1-184.wav,C:\IR audio\slb200\vincents 1-184.wav,afbdf7d9f71a3745754950e7b55198911d8e642619c7728938641c8c576a4ac1,True,0.7918140589569161,mapped,1.0,,0.1733900939169789,12316494,280.0773922902494,279.2855782312925,0.997286990750451,0.8238968968334721,1561186,8
slb200_vincents_take_1_cubase_slices,vincents 1-185.wav,C:\IR audio\slb200\vincents 1-185.wav,47a8c1c60f59f875eae341eb83de5e7c0ea2856720557e398dc096f69aa88d1d,True,0.7847845804988662,mapped,0.9961320251312119,,0.599729690681982,12351412,280.8621541950113,280.07736961451246,0.9904582206682124,0.3907285299862304,1561224,8
slb200_vincents_take_1_cubase_slices,vincents 1-186.wav,C:\IR audio\slb200\vincents 1-186.wav,55b38136021958a652a749d6c1e7b6d33ad72489e65f2fe1326b9f366f1f774d,True,0.8116326530612245,unmatchable_silence_or_short,,,,,,,,,,
slb200_vincents_take_1_cubase_slices,vincents 1-187.wav,C:\IR audio\slb200\vincents 1-187.wav,a463d2b6f3c11c845e7e78f4c43bc826e5df1477261a2aa3d9b6610ce98c4285,True,0.8210204081632653,unmatchable_silence_or_short,,,,,,,,,,
slb200_vincents_take_1_cubase_slices,vincents 1-188.wav,C:\IR audio\slb200\vincents 1-188.wav,ff2f758770aaed9ca28e1f7f6c338f5633f7e9d4f0d3bd4ec4e9923d444951be,True,0.8536507936507937,ambiguous_match,0.4056661339429118,,0.04299862504852758,,,,0.43692086567487465,0.39392224062634706,1560845,8
slb200_vincents_take_1_cubase_slices,vincents 1-189.wav,C:\IR audio\slb200\vincents 1-189.wav,4b3230480014a06570fc95d7890aaba2941ecf8286d53c1e3fd4fa806df0eb13,True,0.8524263038548753,unmatchable_silence_or_short,,,,,,,,,,
slb200_vincents_take_1_cubase_slices,vincents 1-190.wav,C:\IR audio\slb200\vincents 1-190.wav,80d0f1565dbf7b2a0a89b48b504f8dc9326b9be91badd9a4fcd775d90dac70f6,True,0.8747845804988662,mapped,0.7730507118036202,,0.046304867399270866,3230445,74.12750566893425,73.25272108843538,0.7711197903322008,0.7248149229329299,1560728,8
slb200_vincents_take_1_cubase_slices,vincents 1-191.wav,C:\IR audio\slb200\vincents 1-191.wav,d6a56c0a321788680b3ba4e2c2c0dd6928af6a52f5abce71401e29a39258e7f9,True,0.8435600907029478,mapped,1.0000000000000002,,0.35120576364959355,12244154,278.4887755102041,277.64521541950114,0.9984409628266687,0.6472351991770752,1560900,8
slb200_vincents_take_1_cubase_slices,vincents 1-192.wav,C:\IR audio\slb200\vincents 1-192.wav,615ecae8651fd1addbb9ad0c85cf58e8390d3372532fe1673accd2928a189248,True,0.8336507936507936,ambiguous_match,0.450182999523164,,0.0248962944393617,,,,0.28686572866193705,0.26196943422257535,1560955,8
slb200_vincents_take_1_cubase_slices,vincents 1-193.wav,C:\IR audio\slb200\vincents 1-193.wav,0fd82e27f7ed8753083541d7f452383fca3bf43e5596e05211418d57b2ca81a1,True,0.8954195011337869,unmatchable_silence_or_short,,,,,,,,,,
slb200_vincents_take_1_cubase_slices,vincents 1-194.wav,C:\IR audio\slb200\vincents 1-194.wav,ec1302a201e3385f3d5940ade3a6a12776314384c70d02efd648380ff9edfa3f,True,0.8480498866213152,unmatchable_silence_or_short,,,,,,,,,,
slb200_vincents_take_1_cubase_slices,vincents 1-195.wav,C:\IR audio\slb200\vincents 1-195.wav,2a740ad1c3207705ea49dc7783a2edaff51c8757a72d4b963855a234caf0b271,True,0.894421768707483,unmatchable_silence_or_short,,,,,,,,,,
slb200_vincents_take_1_cubase_slices,vincents 1-196.wav,C:\IR audio\slb200\vincents 1-196.wav,7590ff0f687056f2a1e82c215ea4631bc994bfd090045f81637c27daca1122d0,True,0.8163492063492064,unmatchable_silence_or_short,,,,,,,,,,
slb200_vincents_take_1_cubase_slices,vincents 1-197.wav,C:\IR audio\slb200\vincents 1-197.wav,b579059954bd4737942c39c17651dbfb9acd9d1fffcf6ac3ce4e59ed46a7cb35,True,1.3473469387755102,ambiguous_match,0.6792407370745808,,0.09639382279092823,,,,0.6787168870017236,0.5823230642107954,1558123,8
slb200_vincents_take_1_cubase_slices,vincents 1-198.wav,C:\IR audio\slb200\vincents 1-198.wav,2ca8aef40b1e851ca938ae2ac512ef7d58309624dd7261f1ef849c57395d11d7,True,1.0483219954648526,unmatchable_silence_or_short,,,,,,,,,,
slb200_vincents_take_1_cubase_slices,vincents 1-199.wav,C:\IR audio\slb200\vincents 1-199.wav,c1d6d7b50c2938f2ced0a5be83d164f0722f25b14872521c8166cc7dc225909e,True,0.9826077097505669,unmatchable_silence_or_short,,,,,,,,,,
slb200_vincents_take_1_cubase_slices,vincents 1-200.wav,C:\IR audio\slb200\vincents 1-200.wav,57961617bd5cf3a614b2b6f0f59823103eb9fb5e309f9e5855e8b9445660455c,True,0.9536961451247166,mapped,0.9999999999999996,,0.58053327612028,12373668,281.5357369614512,280.5820408163265,0.9875923812674704,0.40705910514719035,1560293,8
slb200_vincents_take_1_cubase_slices,vincents 1-201.wav,C:\IR audio\slb200\vincents 1-201.wav,44b6adfa458ac03b042deedee26170f5fca1108bb294ca268a0eb9433afcc43e,True,0.9773696145124716,mapped,0.9816945145279747,,0.5776382454992169,12415725,282.5130839002268,281.5357142857143,0.9577097763239159,0.3800715308246989,1560163,8
slb200_vincents_take_1_cubase_slices,vincents 1-202.wav,C:\IR audio\slb200\vincents 1-202.wav,d6b5eb3f3c326c4a2649a9762f30de60bb2d07ef136a3440a002a5c9aa1fe8f3,True,0.8098412698412698,unmatchable_silence_or_short,,,,,,,,,,
slb200_vincents_take_1_cubase_slices,vincents 1-203.wav,C:\IR audio\slb200\vincents 1-203.wav,185d1866264698ad9f12e857a0cd1d0efce84823d3cdfd750e6cca7a9c3d13d9,True,0.7310884353741497,ambiguous_match,0.13976308141979554,,0.043238131342428154,,,,0.38048891014623953,0.3372507788038114,1561520,8
slb200_vincents_take_1_cubase_slices,vincents 1-204.wav,C:\IR audio\slb200\vincents 1-204.wav,796deb69f694b16597e76d67b1736a767e784c98704688a23a1eb4c83d976f07,True,0.8063945578231293,ambiguous_match,0.6009273978632107,,0.0018660220998262256,,,,0.6181036688383136,0.6162376467384874,1561105,8
slb200_vincents_take_1_cubase_slices,vincents 1-205.wav,C:\IR audio\slb200\vincents 1-205.wav,8ea00a6295432f256584d6b97bfa330a2636625f48295d592ed2fbf629abee68,True,0.9223356009070295,mapped,1.0000000000000002,,0.216019011812157,12316581,280.2098866213152,279.28755102040816,0.9942104974896723,0.7781914856775153,1560466,8
slb200_vincents_take_1_cubase_slices,vincents 1-206.wav,C:\IR audio\slb200\vincents 1-206.wav,d911fcdbeb5f8bcdc8794e63c4a622b0a0e6008d30156191cc42e14f00e23d7b,True,0.9952154195011338,mapped,0.9323565206188468,,0.3731493747250325,12357255,281.2050793650793,280.2098639455782,0.931661945193781,0.5585125704687485,1560064,8
slb200_vincents_take_1_cubase_slices,vincents 1-207.wav,C:\IR audio\slb200\vincents 1-207.wav,545a1d7eaeb9fb6f5f20ca239811ac686696bec211b1179b7c0bd01bdf81907c,True,0.9051700680272109,unmatchable_silence_or_short,,,,,,,,,,
slb200_vincents_take_1_cubase_slices,vincents 1-208.wav,C:\IR audio\slb200\vincents 1-208.wav,f1dc5a67868687a347217d2ebc342851a75561e17a9ec409c6e9ecbdf3a2dbdd,True,0.9811111111111112,ambiguous_match,0.5850658964174941,,0.16641457240271906,,,,0.5829202926430782,0.41650572024035915,1560142,8
slb200_vincents_take_1_cubase_slices,vincents 1-209.wav,C:\IR audio\slb200\vincents 1-209.wav,3785a894d7a8834d6fc30be62ce340fc039cf9094dc3a8d0fad41e8a7d160d0b,True,0.9728344671201814,unmatchable_silence_or_short,,,,,,,,,,
slb200_vincents_take_1_cubase_slices,vincents 1-210.wav,C:\IR audio\slb200\vincents 1-210.wav,6042b4734e09232f80d241c69d04a7471ef17843f4d48e8c060a243395c54215,True,0.9169387755102041,unmatchable_silence_or_short,,,,,,,,,,
slb200_vincents_take_1_cubase_slices,vincents 1-211.wav,C:\IR audio\slb200\vincents 1-211.wav,8e02e765b62fafcaa121621095a0e33855bdf733acad77f26695539ecd5bfdd3,True,1.014421768707483,mapped,0.9958281731764963,,0.48411597549878926,12239988,278.5651700680272,277.5507482993197,0.9907160514298694,0.5066000759310801,1559959,8
slb200_vincents_take_1_cubase_slices,vincents 1-212.wav,C:\IR audio\slb200\vincents 1-212.wav,6e51cac847153b99207fbdc04ac249104153fa479d7da3d7bc02d2543959e80a,True,1.0373015873015874,mapped,0.938282225304036,,0.3960952696752358,12366644,281.4600680272109,280.4227664399093,0.9363210335172959,0.5402257638420601,1559832,8
slb200_vincents_take_1_cubase_slices,vincents 1-213.wav,C:\IR audio\slb200\vincents 1-213.wav,8baa985a7b17df6530ce9eb3a649e9649514c0a77b2ba88ee4f2192bd452e7d4,True,1.0202267573696144,unmatchable_silence_or_short,,,,,,,,,,
slb200_vincents_take_1_cubase_slices,vincents 1-214.wav,C:\IR audio\slb200\vincents 1-214.wav,2b5e321f9a6f7da6401a36d9d20bdb0481ea40b288d817d1c2f3990040d3b5d8,True,0.6727664399092971,ambiguous_match,0.48773792007591504,,0.01911086881952534,,,,0.48461648631553167,0.46550561749600633,1561842,8
slb200_vincents_take_1_cubase_slices,vincents 1-215.wav,C:\IR audio\slb200\vincents 1-215.wav,fbe39c6cfd135d02a4ab6a0f0680642e15eea7d342ea13f54fc62f241452dc9e,True,0.3611111111111111,unmatchable_silence_or_short,,,,,,,,,,
slb200_vincents_take_1_cubase_slices,vincents 1-216.wav,C:\IR audio\slb200\vincents 1-216.wav,8ce118bd4f7f8deb76c09716562bf7c4365ad62dc9b43e4fd824594baa6cfe9b,True,1.1935827664399092,unmatchable_silence_or_short,,,,,,,,,,
slb200_vincents_take_1_cubase_slices,vincents 1-217.wav,C:\IR audio\slb200\vincents 1-217.wav,e3ab18286e3d65c50646279e3a2bb315c2254c38e20ac045a88f94e3671e5f5b,True,0.6980045351473922,mapped,0.8138749912335225,,0.2057547446696908,6303661,143.63816326530613,142.94015873015874,0.8111457889960546,0.6053910443263638,1561703,8
slb200_vincents_take_1_cubase_slices,vincents 1-218.wav,C:\IR audio\slb200\vincents 1-218.wav,04fa70883b460bbdfcc77b508b3a9e26b54e063096743bf67e34eaee3df122d3,True,0.3227891156462585,mapped,1.0,,0.13232258012757925,12258710,278.29807256235824,277.975283446712,0.9986437854572613,0.866321205329682,1563771,8
slb200_vincents_take_1_cubase_slices,vincents 1-219.wav,C:\IR audio\slb200\vincents 1-219.wav,56c40861cfe02a833a59a73de8bc27960781c0962f36a543df5c7e9262a64c51,True,1.1097278911564625,ambiguous_match,0.7400385210418208,,0.16850140545700465,,,,0.7782181130625636,0.609716707605559,1559433,8
slb200_vincents_take_1_cubase_slices,vincents 1-220.wav,C:\IR audio\slb200\vincents 1-220.wav,af7c91be7fbaa7dc2e877f043c4c5a16bbe5b6622d65a8e96bdaa59c8ec6510d,True,0.7792290249433107,unmatchable_silence_or_short,,,,,,,,,,
slb200_vincents_take_1_cubase_slices,vincents 1-221.wav,C:\IR audio\slb200\vincents 1-221.wav,2a66afedbb7fdeb19f460994e14c3ece4f194ef6a5c29860e449822622a9ceaf,True,0.05727891156462585,unmatchable_silence_or_short,,,,,,,,,,
slb200_vincents_take_1_cubase_slices,vincents 1-222.wav,C:\IR audio\slb200\vincents 1-222.wav,472a52fb58d6556074489223baa04247a636c73bbdc9489f7fc24029f95c1763,True,0.28131519274376415,unmatchable_silence_or_short,,,,,,,,,,
slb200_vincents_take_1_cubase_slices,vincents 1-223.wav,C:\IR audio\slb200\vincents 1-223.wav,1a3d0d429db8eafb6b35aa0cf57254e087c139e0c6beadb1e22cc42072205373,True,1.1660090702947845,unmatchable_silence_or_short,,,,,,,,,,
slb200_vincents_take_1_cubase_slices,vincents 1-224.wav,C:\IR audio\slb200\vincents 1-224.wav,f33474d52a20420798169a3b4e530219906fd8203c88475b397cf5f0a8611803,True,1.1498866213151928,unmatchable_silence_or_short,,,,,,,,,,
slb200_vincents_take_1_cubase_slices,vincents 1-225.wav,C:\IR audio\slb200\vincents 1-225.wav,df97afd8004b996d1d7ecc9fa6d20991bb4019ddb6817efb3fbef3185c71c2ed,True,1.1848072562358276,mapped,0.752936428083141,,0.15545618272393957,7613986,173.83755102040814,172.65274376417233,0.75122277745989,0.5957665947359504,1559019,8
slb200_vincents_take_1_cubase_slices,vincents 1-226.wav,C:\IR audio\slb200\vincents 1-226.wav,b6553e5ebe57a4b39d9aa5670dd7a3b8a791504bb80ce77bc54cc6456c394d34,True,1.2363492063492063,unmatchable_silence_or_short,,,,,,,,,,
slb200_vincents_take_1_cubase_slices,vincents 1-227.wav,C:\IR audio\slb200\vincents 1-227.wav,294e3bac7b9a5cf69fc7e50c4c46ae1de091c2fd8cfebaee91adf53f5183b6e8,True,1.3541950113378685,mapped,0.8230787386898789,,0.10561983236714101,12252399,279.1863718820862,277.8321768707483,0.8228250208210404,0.7172051884538994,1558086,8
slb200_vincents_take_1_cubase_slices,vincents 1-228.wav,C:\IR audio\slb200\vincents 1-228.wav,c36f23492f75560bb5b2b72b982d58dd5bacf3e7bd0796093e29a5e09b9df8c4,True,1.3865532879818594,unmatchable_silence_or_short,,,,,,,,,,
slb200_vincents_take_1_cubase_slices,vincents 1-229.wav,C:\IR audio\slb200\vincents 1-229.wav,3006240ecad6f86aadb741d9e2a14ce2b6fd2666ad6287ea7e4dd8933e3b896e,True,1.3390702947845805,mapped,0.8464425912526868,,0.03424416861192825,12291345,280.0543764172335,278.71530612244896,0.8460991778763478,0.8118550092644196,1558169,8
slb200_vincents_take_1_cubase_slices,vincents 1-230.wav,C:\IR audio\slb200\vincents 1-230.wav,238b12340d93e25bb6b2ee33f41e0ae72149a8af7f3f268d30166de2ebc094ad,True,1.3897278911564626,mapped,0.9962194669017643,,0.5711374174745623,12350397,281.444081632653,280.0543537414966,0.9926077598394628,0.4214703423649005,1557890,8
slb200_vincents_take_1_cubase_slices,vincents 1-231.wav,C:\IR audio\slb200\vincents 1-231.wav,8b421e1d083640eea543daf5d703608efab1d2418159274db7f0ccc456a08ba8,True,1.3701133786848072,mapped,0.8369476553668235,,0.1685949814456421,12247843,279.0989795918368,277.72886621315195,0.8421784168849359,0.6735834354392938,1557998,8
slb200_vincents_take_1_cubase_slices,vincents 1-232.wav,C:\IR audio\slb200\vincents 1-232.wav,51732c16bccccd7fb94e26e8b99fb81ae3a6e49d0fac25163f445e8ab1a3c117,True,1.3861451247165533,ambiguous_match,0.22005494608043127,,0.051117112281088284,,,,0.5670851655250241,0.5159680532439358,1557909,8
slb200_vincents_take_1_cubase_slices,vincents 1-233.wav,C:\IR audio\slb200\vincents 1-233.wav,dc07a51eed54389dc0605e65f5d3ca18097b21e4e58540b698b858664f3630a0,True,1.6193424036281179,ambiguous_match,0.39978112708182256,,0.0648039058214564,,,,0.4059276661424532,0.3411237603209968,1556624,8
slb200_vincents_take_1_cubase_slices,vincents 1-234.wav,C:\IR audio\slb200\vincents 1-234.wav,85481c7fbeaa19afc937088ea9f419ec9b665f5d0a7c136ca9fa21a7be2a3950,True,1.392108843537415,unmatchable_silence_or_short,,,,,,,,,,
slb200_vincents_take_1_cubase_slices,vincents 1-235.wav,C:\IR audio\slb200\vincents 1-235.wav,b4ba81e9f12257eb0ae4d85a1ac0370ec31a8631b9126cd80d571e024d2eb107,True,1.2958730158730158,ambiguous_match,0.4232311947585169,,0.08245820078101584,,,,0.4228378408486084,0.3403796400675926,1558407,8
slb200_vincents_take_1_cubase_slices,vincents 1-236.wav,C:\IR audio\slb200\vincents 1-236.wav,3ec8869b6ed9ad6b4c877ebb1fda03ca882f52703980f624d7f0a10c6b7c09e3,True,1.4820408163265306,unmatchable_silence_or_short,,,,,,,,,,
slb200_vincents_take_1_cubase_slices,vincents 1-237.wav,C:\IR audio\slb200\vincents 1-237.wav,3e0b52e5045b6683477627b116d4a008b0d31102f2e2f53378641be7e3069030,True,1.458390022675737,ambiguous_match,0.3557202349685228,,0.0560088411807102,,,,0.3453487502039197,0.2893399090232095,1557511,8
slb200_vincents_take_1_cubase_slices,vincents 1-238.wav,C:\IR audio\slb200\vincents 1-238.wav,fe6c0f0bbcd36200e73bdda2555de9a61a6bfdaca6600d102a2eae0f9317ed4f,True,1.3801587301587301,unmatchable_silence_or_short,,,,,,,,,,
slb200_vincents_take_1_cubase_slices,vincents 1-239.wav,C:\IR audio\slb200\vincents 1-239.wav,bfb6b37010383cea8ed6d330aeae842085e1902904ee6e46e88268cbbd929772,True,1.3912698412698412,ambiguous_match,0.1126670098465731,,0.010927371445958761,,,,0.21369109396814687,0.2027637225221881,1557881,8
slb200_vincents_take_1_cubase_slices,vincents 1-240.wav,C:\IR audio\slb200\vincents 1-240.wav,b22422e81caa943df52163f88afa7882aaa86ab8405f5c9ee2cf51f29da238dc,True,1.373673469387755,unmatchable_silence_or_short,,,,,,,,,,
slb200_vincents_take_1_cubase_slices,vincents 1-241.wav,C:\IR audio\slb200\vincents 1-241.wav,05305d0aad1e62533d1a4de1d9ab84507c47aa8e3585cb33f72995f237b73386,True,1.389750566893424,ambiguous_match,0.3464161641068449,,0.05671016259358075,,,,0.3510802708700626,0.29437010827648186,1557890,8
slb200_vincents_take_1_cubase_slices,vincents 1-242.wav,C:\IR audio\slb200\vincents 1-242.wav,b683f502d0ed71b27e1b1cd221eedd792a7b67763534140d958c8dce3f3890f2,True,1.4289115646258503,unmatchable_silence_or_short,,,,,,,,,,
slb200_vincents_take_1_cubase_slices,vincents 1-243.wav,C:\IR audio\slb200\vincents 1-243.wav,717401dffba8f16037cf7fc8ab0546ec6b33b212361a50169f611e072cb267aa,True,1.4290702947845806,mapped,0.8092577536917039,,0.24441576526232056,12258835,279.4071882086168,277.9781179138322,0.8166750601975633,0.5722592949352427,1557673,8
slb200_vincents_take_1_cubase_slices,vincents 1-244.wav,C:\IR audio\slb200\vincents 1-244.wav,cd0e0a1257a4b5f867d651f7e8a0f7a9838f6d9912beb94478c8a3a7ba6ca36a,True,1.6250340136054422,unmatchable_silence_or_short,,,,,,,,,,
slb200_vincents_take_1_cubase_slices,vincents 1-245.wav,C:\IR audio\slb200\vincents 1-245.wav,73d7bc04550e48f75898b9a06d567d3ce8b7fbdeae6eaab4b7c15a333afbdb17,True,1.5019501133786848,ambiguous_match,0.5856078343213982,,0.06552939184787054,,,,0.5852350957611792,0.5197057039133086,1557271,8
slb200_vincents_take_1_cubase_slices,vincents 1-246.wav,C:\IR audio\slb200\vincents 1-246.wav,7f84de542f302c2aa417a1aecd1454053410b180276ac6a9b9ef22f521da5113,True,1.4698866213151927,unmatchable_silence_or_short,,,,,,,,,,
slb200_vincents_take_1_cubase_slices,vincents 1-247.wav,C:\IR audio\slb200\vincents 1-247.wav,eec791fb5b4e219d920a56fa0b30c98d7de9d2933e490a6452d1ce236d77fac7,True,1.6035374149659865,ambiguous_match,0.4730832486067283,,0.08168243211040571,,,,0.4712782483194497,0.389595816209044,1556711,8
slb200_vincents_take_1_cubase_slices,vincents 1-248.wav,C:\IR audio\slb200\vincents 1-248.wav,9b24aee308b12afaa32d2417cd67bb1c87d6690a21e51cd0645113db137a7392,True,1.6111111111111112,ambiguous_match,0.4489996539211645,,0.058853638884855286,,,,0.4478959838932545,0.38904234500839924,1556669,8
slb200_vincents_take_1_cubase_slices,vincents 1-249.wav,C:\IR audio\slb200\vincents 1-249.wav,8f4f75be336555ec404800f2f039adc8b9d7306ba6904540a50b6710eec91333,True,1.7270748299319727,ambiguous_match,0.3794051069429018,,0.048132492767259005,,,,0.37868554732846627,0.33055305456120726,1556030,8
slb200_vincents_take_1_cubase_slices,vincents 1-250.wav,C:\IR audio\slb200\vincents 1-250.wav,21b37356bc1950f7d544e7384a0894e5564baad9beecb1434dc099d5260ec2b4,True,1.6384580498866212,mapped,0.9964390217381284,,0.4975849012627084,12332908,281.29623582766436,279.65777777777777,0.9868152996128395,0.48923039835013116,1556519,8
slb200_vincents_take_1_cubase_slices,vincents 1-251.wav,C:\IR audio\slb200\vincents 1-251.wav,7a69fb2643cc3b3d434e564b6d6f74e758ea1dfc69822a8d6e5aec9e57639c82,True,1.6400453514739228,ambiguous_match,0.3599232795817528,,0.02445922461930533,,,,0.3585330990724789,0.33407387445317355,1556510,8
slb200_vincents_take_1_cubase_slices,vincents 1-252.wav,C:\IR audio\slb200\vincents 1-252.wav,20d972871385e46bb2e02b0c39539ecf3b0e228a3cc91bb7ff29a3df5500d66d,True,1.7915419501133787,ambiguous_match,0.3313938851090587,,0.06096167538120001,,,,0.3298098647510894,0.2688481893698894,1555675,8
slb200_vincents_take_1_cubase_slices,vincents 1-253.wav,C:\IR audio\slb200\vincents 1-253.wav,4c851da445b620b77176983fcd5651eb001779f7370de15fade1b45b7dbc6409,True,1.5364852607709751,mapped,0.9967150961802477,,0.4051747132303144,12310735,280.6914739229025,279.15498866213153,0.996047160323147,0.5908724470928326,1557081,8
slb200_vincents_take_1_cubase_slices,vincents 1-254.wav,C:\IR audio\slb200\vincents 1-254.wav,fe72a4c4ee23fe8d20c20cb558a31affa6ee263bbaf7ba68d39f9355500b08da,True,1.8268707482993198,unmatchable_silence_or_short,,,,,,,,,,
slb200_vincents_take_1_cubase_slices,vincents 1-255.wav,C:\IR audio\slb200\vincents 1-255.wav,06a29015ea611c091b03689e095dbd44adca1c6a690547fde59882d5d83bf65b,True,1.8110430839002267,ambiguous_match,0.6963197197822966,,0.2953266698947968,,,,0.6806884482585724,0.38536177836377566,1555567,8
slb200_vincents_take_1_cubase_slices,vincents 1-256.wav,C:\IR audio\slb200\vincents 1-256.wav,d5e0e8fec592d62ce81638801a36d47b0c607cad44f4ac0ed2a5c7b2a49c17cf,True,1.5636734693877552,unmatchable_silence_or_short,,,,,,,,,,
slb200_vincents_take_1_cubase_slices,vincents 1-257.wav,C:\IR audio\slb200\vincents 1-257.wav,09d0790c75c8378221bcefb9488762e26cf9bedc5f11e4a1cb68c4f46a1589d1,True,1.45859410430839,ambiguous_match,0.5262179518734131,,0.017578698922603886,,,,0.5392663927571246,0.5216876938345207,1557510,8
slb200_vincents_take_1_cubase_slices,vincents 1-258.wav,C:\IR audio\slb200\vincents 1-258.wav,677c7b6327d9884cc9f93982b7767dcf0a7c97eef050cc0e928e645b63b94a04,True,1.46984126984127,mapped,0.8815235092588903,,0.3967675652139874,12262606,279.5334693877551,278.0636281179138,0.8799461382363398,0.4831785730223524,1557448,8
slb200_vincents_take_1_cubase_slices,vincents 1-259.wav,C:\IR audio\slb200\vincents 1-259.wav,c9c2e4a80c29f9c7e6f5d6b8fd246d57381dfd97080847c19dc5c40515f0d4cc,True,1.5416326530612245,unmatchable_silence_or_short,,,,,,,,,,
slb200_vincents_take_1_cubase_slices,vincents 1-260.wav,C:\IR audio\slb200\vincents 1-260.wav,8bc84d6ad5e0c40fe5fb97f4646643f2579a17a3ab5ea112241ca98e8183162f,True,1.9663945578231292,ambiguous_match,0.5680765995014919,,0.08624827659817075,,,,0.5661929259950872,0.47994464939691645,1554711,8
slb200_vincents_take_1_cubase_slices,vincents 1-261.wav,C:\IR audio\slb200\vincents 1-261.wav,462ee5e6cf297af9cb84ca09bd28cf027dda98d1ed80ac2e856a60ead507aed9,True,1.383673469387755,unmatchable_silence_or_short,,,,,,,,,,
slb200_vincents_take_1_cubase_slices,vincents 1-262.wav,C:\IR audio\slb200\vincents 1-262.wav,94925e6a79b61fdad2200e6b90f36095305a13a0cb0007f0d31e629461b62374,True,1.685419501133787,unmatchable_silence_or_short,,,,,,,,,,
slb200_vincents_take_1_cubase_slices,vincents 1-263.wav,C:\IR audio\slb200\vincents 1-263.wav,5271cbf645d4c9c6da65159846fc9aa43d4b2c813389ba15ea638952409e6b76,True,1.7907256235827664,mapped,0.8600539525679236,,0.23298555553176492,12289794,280.47086167800455,278.6801360544218,0.8580677068064513,0.6250821512746864,1555679,8
slb200_vincents_take_1_cubase_slices,vincents 1-264.wav,C:\IR audio\slb200\vincents 1-264.wav,ae0573483f08e5c2057a20a8040c685d4d73a4094f751833e1717f88b67dd2b1,True,1.8934467120181406,unmatchable_silence_or_short,,,,,,,,,,
slb200_vincents_take_1_cubase_slices,vincents 1-265.wav,C:\IR audio\slb200\vincents 1-265.wav,5bb3e7d5bcc0777b2b288fae416769ca66fdcbccdfd4f6596121e26811453232,True,0.5241043083900226,unmatchable_silence_or_short,,,,,,,,,,
slb200_vincents_take_1_cubase_slices,vincents 1-266.wav,C:\IR audio\slb200\vincents 1-266.wav,a2cdcc137696c8e56b53a8e230a44ccd2d046cb46777eb1523dab30babe458b9,True,0.4554195011337869,unmatchable_silence_or_short,,,,,,,,,,
slb200_vincents_take_1_cubase_slices,vincents 1-267.wav,C:\IR audio\slb200\vincents 1-267.wav,27f41ddc60c650fbd634aa13e86c90976b9f75c0d670ab085f8f2030acaac5c7,True,0.46197278911564627,mapped,1.0000000000000002,,0.17454295685090493,12331621,280.090566893424,279.6285941043084,0.9941720477827773,0.8196290909318724,1563004,8
slb200_vincents_take_1_cubase_slices,vincents 1-268.wav,C:\IR audio\slb200\vincents 1-268.wav,f9a1f168319746a0730af6a3d0bcf12fe3c7736257e071564c873802a0fc6fd6,True,0.34530612244897957,mapped,0.9031734770777449,,0.34976044662559236,12351993,280.435850340136,280.09054421768707,0.9029348223288096,0.5531743757032173,1563647,8
slb200_vincents_take_1_cubase_slices,vincents 1-269.wav,C:\IR audio\slb200\vincents 1-269.wav,f1e7f55afa3ce47ad53f613244da1c6b4a6dbc141cb31db5d39c23a5e5b3eb06,True,0.1164172335600907,unmatchable_silence_or_short,,,,,,,,,,
slb200_vincents_take_1_cubase_slices,vincents 1-270.wav,C:\IR audio\slb200\vincents 1-270.wav,973b0fafba171a3bdcac167160afb675370e62e99308d6f98a1c5b6039edaacc,True,0.4313832199546485,unmatchable_silence_or_short,,,,,,,,,,
slb200_vincents_take_1_cubase_slices,vincents 1-271.wav,C:\IR audio\slb200\vincents 1-271.wav,11ff21d095ffdfb9071fb38092ff674cea280ea8aa9004dc0b7c667d38e3d26e,True,0.4360770975056689,unmatchable_silence_or_short,,,,,,,,,,
slb200_vincents_take_1_cubase_slices,vincents 1-272.wav,C:\IR audio\slb200\vincents 1-272.wav,0f765cf80f5f40b3c6d93b28bf5808e92fc188c11228c895dc3e7ce2ec81298f,True,0.5008163265306123,unmatchable_silence_or_short,,,,,,,,,,
slb200_vincents_take_1_cubase_slices,vincents 1-273.wav,C:\IR audio\slb200\vincents 1-273.wav,8a65a2daba094fe9533771034377582740edbdc667b61c3c3801cdf9b29a2e51,True,0.14147392290249433,unmatchable_silence_or_short,,,,,,,,,,
slb200_vincents_take_1_cubase_slices,vincents 1-274.wav,C:\IR audio\slb200\vincents 1-274.wav,46c05ea21fbebc5b0d218ae88f0ba129f552b87261545e1ef8c05ec8928f4b5c,True,0.1636734693877551,unmatchable_silence_or_short,,,,,,,,,,
slb200_vincents_take_1_cubase_slices,vincents 1-275.wav,C:\IR audio\slb200\vincents 1-275.wav,3ea5163e4efb67c37c5ec0e23f89db93ea6039c3d051d83a909a90e564bf0e71,True,0.1292517006802721,unmatchable_silence_or_short,,,,,,,,,,
slb200_vincents_take_1_cubase_slices,vincents 1-276.wav,C:\IR audio\slb200\vincents 1-276.wav,da31f9808ab2f921a4dbed4c04dcd2075b0a9cf69aa3898300d0db2767ec7f69,True,0.4477551020408163,ambiguous_match,0.5881183307867446,,0.11217395216280174,,,,0.5882819416363293,0.47610798947352756,1563082,8
slb200_vincents_take_1_cubase_slices,vincents 1-277.wav,C:\IR audio\slb200\vincents 1-277.wav,b4a312e3e3eef21aa73e5b088ef212851c351defd5b56b2d6b969fce30265543,True,0.43768707482993197,mapped,0.9999999999999999,,0.3243250077731823,12389672,281.3826303854875,280.9449433106576,1.0,0.6756749922268177,1563138,8
slb200_vincents_take_1_cubase_slices,vincents 1-278.wav,C:\IR audio\slb200\vincents 1-278.wav,876382fa4c2645262657474a46344955f14f81f9a7a248f857810bb93665ee44,True,0.2829251700680272,mapped,0.9999999999999996,,0.3671658409305507,12408973,281.6655328798186,281.3826077097506,0.9633632719187842,0.5961974309882335,1563991,8
slb200_vincents_take_1_cubase_slices,vincents 1-279.wav,C:\IR audio\slb200\vincents 1-279.wav,8e096831ae9f9b39d0262d3c91ae240646eddb7de88b37defa264b0b271ac863,True,0.6195918367346939,mapped,0.9456866467086111,,0.5439731620162531,12421449,282.2851020408163,281.6655102040816,0.9275940169597181,0.383620854943465,1562135,8
slb200_vincents_take_1_cubase_slices,vincents 1-280.wav,C:\IR audio\slb200\vincents 1-280.wav,60558f18b264f72d48e465fa9c50382da4799ae6650db3e5ec30fe573e0810a7,True,0.4260997732426304,unmatchable_silence_or_short,,,,,,,,,,
slb200_vincents_take_1_cubase_slices,vincents 1-281.wav,C:\IR audio\slb200\vincents 1-281.wav,024938aa2e276c9d0f7a6a2c451ef5c6b3c32bec94e37425d9670e4932918be5,True,0.4630612244897959,unmatchable_silence_or_short,,,,,,,,,,
slb200_vincents_take_1_cubase_slices,vincents 1-282.wav,C:\IR audio\slb200\vincents 1-282.wav,2a25034a7b876da2a6de570d89352302674a867def7cb17c7f8e86388650003f,True,0.31219954648526077,unmatchable_silence_or_short,,,,,,,,,,
slb200_vincents_take_1_cubase_slices,vincents 1-283.wav,C:\IR audio\slb200\vincents 1-283.wav,c2b1c59884963bda5bce314ac61611d75cb87e323ea52a759a79088a0ba87bd5,True,0.14791383219954649,unmatchable_silence_or_short,,,,,,,,,,
slb200_vincents_take_1_cubase_slices,vincents 1-284.wav,C:\IR audio\slb200\vincents 1-284.wav,c4f53f00b326b1dd89ceb865d938fa0d0ba648377c780be50a7c0b5b83b24965,True,0.503968253968254,unmatchable_silence_or_short,,,,,,,,,,
slb200_vincents_take_1_cubase_slices,vincents 1-285.wav,C:\IR audio\slb200\vincents 1-285.wav,2ce6877ce25f8da485e64d38f90ad4d49fc35ff59f25e1d2d8d24d3514c7dcf7,True,0.47653061224489796,ambiguous_match,0.12653580417750365,,0.008470964022123578,,,,0.17627632200792098,0.1678053579857974,1562924,8
slb200_vincents_take_1_cubase_slices,vincents 1-286.wav,C:\IR audio\slb200\vincents 1-286.wav,c66012ae4a31bfc662b7b7f1f6963eb3cf945ec4e25b14393e8e590d8f73a4f6,True,0.3017233560090703,mapped,0.9999999999999993,,0.3362879624331617,12305752,279.3437188208617,279.0419954648526,0.9999999999999999,0.6637120375668382,1563887,8
slb200_vincents_take_1_cubase_slices,vincents 1-287.wav,C:\IR audio\slb200\vincents 1-287.wav,90b889fdb255143cb7540d19f3158776030392daa6cd360d7383b133ee2347b8,True,0.10414965986394557,mapped,1.0000000000000002,,0.15641363489822113,12319058,279.4478684807256,279.3437188208617,0.986357281167853,0.8299436462696319,1564976,8
slb200_vincents_take_1_cubase_slices,vincents 1-288.wav,C:\IR audio\slb200\vincents 1-288.wav,b6de6dfbd7a63e8392c5a883ff0bb6d2795b63efd94a6790e22e0cb074bc7639,True,0.3913378684807256,mapped,0.9999999999999998,,0.08536815730579994,12323650,279.8391836734694,279.4478458049887,0.997403953364649,0.9120357960588491,1563393,8
slb200_vincents_take_1_cubase_slices,vincents 1-289.wav,C:\IR audio\slb200\vincents 1-289.wav,a358cdfa7d0abbf69f7f9d7ebeb285dd5cde1b32c6bc3765da68b050692c0d1b,True,0.5647619047619048,mapped,0.9999999999999998,,0.39785840087908275,12340907,280.40392290249434,279.83916099773245,0.9946576896308201,0.5967992887517374,1562437,8
slb200_vincents_take_1_cubase_slices,vincents 1-290.wav,C:\IR audio\slb200\vincents 1-290.wav,31d22d51f0e640a227cae9b32d184e9f3c0050fe3614e2242cb410b3813c104c,True,0.4492290249433107,mapped,0.971573179137815,,0.2968558544083736,12365813,280.85315192743764,280.40392290249434,0.9693569156568628,0.6725010612484892,1563074,8
slb200_vincents_take_1_cubase_slices,vincents 1-291.wav,C:\IR audio\slb200\vincents 1-291.wav,d5b108535aa9e0abddd7e18456e909a02976689de29836c7deffdd3874cdc0e9,True,0.49421768707482994,unmatchable_silence_or_short,,,,,,,,,,
slb200_vincents_take_1_cubase_slices,vincents 1-292.wav,C:\IR audio\slb200\vincents 1-292.wav,e3896a0c0b424d95640992112c2a0a380aa62bd6b1c1c016c24710b93543ee16,True,0.4178684807256236,unmatchable_silence_or_short,,,,,,,,,,
slb200_vincents_take_1_cubase_slices,vincents 1-293.wav,C:\IR audio\slb200\vincents 1-293.wav,4de8ab1ff3759401ed9f18b525dc2b49494e15a220990784ee35c24ca38e9c30,True,0.4525396825396825,unmatchable_low_energy,,,,,,,,,,
slb200_vincents_take_1_cubase_slices,vincents 1-294.wav,C:\IR audio\slb200\vincents 1-294.wav,cb6a7dceedb3649e1a9d49ecccd22978e81986a6c115c083178fb8d15fee75da,True,0.4417687074829932,mapped,0.8426377235850944,,0.02820376906033306,8440984,191.8473015873016,191.4055328798186,0.8722385902649622,0.8440348212046291,1563115,8
slb200_vincents_take_1_cubase_slices,vincents 1-295.wav,C:\IR audio\slb200\vincents 1-295.wav,59346f8e59f78995c931ef64044e6dab6a4f1b2f24c3ad78500cfac45dac93da,True,0.43648526077097505,mapped,0.9162219818070293,,0.29088179228011113,12301442,279.3807482993197,278.94426303854874,0.9130504538715759,0.6221686615914648,1563144,8
slb200_vincents_take_1_cubase_slices,vincents 1-296.wav,C:\IR audio\slb200\vincents 1-296.wav,314e4ce3ff1bed58a9476ce83dac8f869889d308351bdbd79dd6362e372b85d6,True,0.44789115646258504,unmatchable_silence_or_short,,,,,,,,,,
slb200_vincents_take_1_cubase_slices,vincents 1-297.wav,C:\IR audio\slb200\vincents 1-297.wav,dbd01111c742949fd0ed8d19f65faaa3fa0c761953471473896325b9ee80af01,True,0.4478231292517007,unmatchable_silence_or_short,,,,,,,,,,
slb200_vincents_take_1_cubase_slices,vincents 1-298.wav,C:\IR audio\slb200\vincents 1-298.wav,0b96e8c0666cc9a80c82ed5bf3d1e6f2fe91bc1ca0e63ab699903d4a37a58e06,True,0.4972562358276644,unmatchable_silence_or_short,,,,,,,,,,
slb200_vincents_take_1_cubase_slices,vincents 1-299.wav,C:\IR audio\slb200\vincents 1-299.wav,e71f1b8159c1998465fee1e3d75c2b3d5556ed56ef9676ba15ba585882f3cdd0,True,0.4608843537414966,ambiguous_match,0.7972076537118158,,0.02453689164831596,,,,0.8032647957700695,0.7787279041217535,1563010,8
slb200_vincents_take_1_cubase_slices,vincents 1-300.wav,C:\IR audio\slb200\vincents 1-300.wav,e6ca36c5bc51a6c6bed4ec7457f77126a9d2129084bf31925a09e9512425f5ef,True,0.41140589569160996,mapped,0.9999999999999999,,0.09393992479270541,12238605,277.93079365079365,277.51938775510206,0.9972174714351492,0.9032775466424438,1563283,8
slb200_vincents_take_1_cubase_slices,vincents 1-301.wav,C:\IR audio\slb200\vincents 1-301.wav,30ef5589461c6a6b28d973df80bc74b3832837fc9e8f56a99d46765a325a81ac,True,0.19870748299319727,mapped,1.0000000000000002,,0.04881744935243493,12256748,278.12950113378685,277.93079365079365,0.9941905381019676,0.9453730887495326,1564455,8
slb200_vincents_take_1_cubase_slices,vincents 1-302.wav,C:\IR audio\slb200\vincents 1-302.wav,2340b70d02178a06be9a2b215b9b892ac6cf865c10af260109295fdaca56de93,True,0.15591836734693879,mapped,0.9999999999999997,,0.10024886248833176,12265510,278.28539682539684,278.1294784580499,0.9986626926252601,0.8984138301369283,1564691,8
slb200_vincents_take_1_cubase_slices,vincents 1-303.wav,C:\IR audio\slb200\vincents 1-303.wav,b1369dd5087d65ee013366923253bd83ab647a08aebbfa5b3831f541e93a16f8,True,0.25081632653061225,mapped,1.0,,0.06358051307307289,12272386,278.5362131519275,278.28539682539684,0.9980673640485942,0.9344868509755213,1564168,8
slb200_vincents_take_1_cubase_slices,vincents 1-304.wav,C:\IR audio\slb200\vincents 1-304.wav,cf07346da793c087deafaab5b472ee9f9b6444ea6f2f970befdc7d8c149ae747,True,0.37072562358276645,ambiguous_match,0.37257023751628876,,0.0054563370633764485,,,,0.36092953252409216,0.3554731954607157,1563507,8
slb200_vincents_take_1_cubase_slices,vincents 1-305.wav,C:\IR audio\slb200\vincents 1-305.wav,5a642651b01d43200885027c2de93004feaf4295feeb371b073bb49d43bf75d8,True,0.411859410430839,mapped,1.0,,0.3610158563979312,12299794,279.31875283446715,278.9068934240363,0.9964383312591967,0.6354224748612655,1563280,8
slb200_vincents_take_1_cubase_slices,vincents 1-306.wav,C:\IR audio\slb200\vincents 1-306.wav,22e2e2626a59f79cabbbccc7c0ebcfaa4f5490f9e60bd73beb09227e6c8f498f,True,0.48419501133786846,mapped,1.0000000000000002,,0.08312619207466376,12317957,279.802947845805,279.31875283446715,0.9940841210726888,0.9109579289980251,1562881,8
slb200_vincents_take_1_cubase_slices,vincents 1-307.wav,C:\IR audio\slb200\vincents 1-307.wav,412b07980c953dcef7d08d62d301d24db225b899dbfc676ff27bf6f7aa19228b,True,0.30369614512471654,mapped,0.9999999999999994,,0.21646524409599954,12339310,280.1066439909297,279.80294784580497,0.9972886977590087,0.7808234536630092,1563876,8
slb200_vincents_take_1_cubase_slices,vincents 1-308.wav,C:\IR audio\slb200\vincents 1-308.wav,c13d482eeb8c2bf9823b228098ac89a2f3eb2d74edf1846860c378a29fe719b0,True,0.17392290249433107,mapped,0.9999999999999998,,0.31997335251204106,12352702,280.28054421768707,280.10662131519274,0.9985078490766289,0.6785344965645879,1564592,8
slb200_vincents_take_1_cubase_slices,vincents 1-309.wav,C:\IR audio\slb200\vincents 1-309.wav,a94f4d251293b0fe751bac561103a899c1ad00f83686c3f4f6f94a25efae3ccb,True,0.39519274376417235,unmatchable_silence_or_short,,,,,,,,,,
slb200_vincents_take_1_cubase_slices,vincents 1-310.wav,C:\IR audio\slb200\vincents 1-310.wav,546821692dcc137eb78ed1c7684e696a7485a6da8d84933ac83e22ac4d9d6aa8,True,0.4372562358276644,unmatchable_silence_or_short,,,,,,,,,,
slb200_vincents_take_1_cubase_slices,vincents 1-311.wav,C:\IR audio\slb200\vincents 1-311.wav,05938056be80ce921370d49f75e23dee51473ed22950af846dfa580d8b8a0094,True,0.4259183673469388,unmatchable_silence_or_short,,,,,,,,,,
slb200_vincents_take_1_cubase_slices,vincents 1-312.wav,C:\IR audio\slb200\vincents 1-312.wav,f199370fce90dc275fe7de66a2409576bbaecdb5618e5627ed82f75281dd6119,True,0.1572562358276644,unmatchable_silence_or_short,,,,,,,,,,
slb200_vincents_take_1_cubase_slices,vincents 1-313.wav,C:\IR audio\slb200\vincents 1-313.wav,8e27e5fd1350fd28c56115209160b93bf443320cf3260178ae97be795dbdcf82,True,0.17024943310657598,unmatchable_silence_or_short,,,,,,,,,,
slb200_vincents_take_1_cubase_slices,vincents 1-314.wav,C:\IR audio\slb200\vincents 1-314.wav,a446db4cf244509a1aec2486fbcf13e24a005dc7cf16d3569fd8ec516d0b4834,True,0.12489795918367347,unmatchable_silence_or_short,,,,,,,,,,
slb200_vincents_take_1_cubase_slices,vincents 1-315.wav,C:\IR audio\slb200\vincents 1-315.wav,8d5305dd32fd69ddc05446cfdd3e46ca1efa0e1aa9e6eecc9ec7d988768332ae,True,0.45666666666666667,unmatchable_silence_or_short,,,,,,,,,,
slb200_vincents_take_1_cubase_slices,vincents 1-316.wav,C:\IR audio\slb200\vincents 1-316.wav,bd1bd61486b8bcebb490be52b547716f9944a819ad3357fb194b687d27ee1bab,True,0.3874149659863946,unmatchable_silence_or_short,,,,,,,,,,
slb200_vincents_take_1_cubase_slices,vincents 1-317.wav,C:\IR audio\slb200\vincents 1-317.wav,75c77d8c5f9c392b9b63c6cf71d765be73600125df8c6b8076a826a7375ae0e3,True,0.41947845804988665,unmatchable_silence_or_short,,,,,,,,,,
slb200_vincents_take_1_cubase_slices,vincents 1-318.wav,C:\IR audio\slb200\vincents 1-318.wav,2a481b3d3fa51d4680c8e4476b96f80b47c4a5a1e42ff8e02f45421c9baa71b1,True,0.3041496598639456,mapped,0.9999999999999996,,0.11507057225675021,12245777,277.9861678004535,277.68201814058955,0.9995242859937868,0.8844537137370366,1563874,8
slb200_vincents_take_1_cubase_slices,vincents 1-319.wav,C:\IR audio\slb200\vincents 1-319.wav,8e795358e9bd14101ca62441f0152fbd299f40f6e7f2bc8b879418f82cb35259,True,0.1410657596371882,mapped,1.0000000000000002,,0.06546549363308962,12259189,278.1272108843537,277.98614512471653,0.9968787293879785,0.9314132357548889,1564773,8
slb200_vincents_take_1_cubase_slices,vincents 1-320.wav,C:\IR audio\slb200\vincents 1-320.wav,7c2c882fd7537ffe8e84eb7fce9659d074c1a4f768b26a3ce6ac16f3ba4a7172,True,0.4622222222222222,mapped,0.999977373885734,,0.1291217324396462,12265409,278.589410430839,278.12718820861676,0.9995603175461985,0.8704385851065523,1563003,8
slb200_vincents_take_1_cubase_slices,vincents 1-321.wav,C:\IR audio\slb200\vincents 1-321.wav,58e73d336c01b9d0a507fa93dbe71689c93137df906afd202dea9a7c143f2f08,True,0.44333333333333336,mapped,0.9999999999999997,,0.21437199054578326,12367712,280.8903174603175,280.44698412698415,1.0,0.7856280094542167,1563107,8
slb200_vincents_take_1_cubase_slices,vincents 1-322.wav,C:\IR audio\slb200\vincents 1-322.wav,e28821f9fe014e0e1c1adafb9b3153df4c78bb96eb26cd979ab62f480a7f3101,True,0.47941043083900226,mapped,0.9999999999999998,,0.32604666945299177,12387262,281.36970521541946,280.8902947845805,0.9882509486867433,0.6622042792337516,1562908,8
slb200_vincents_take_1_cubase_slices,vincents 1-323.wav,C:\IR audio\slb200\vincents 1-323.wav,93532eb00d6b8ad4792e9df70ce9ab9fb6be71fd63b8459eabe335cf2299add3,True,0.390702947845805,mapped,1.0,,0.4550968460974312,12408403,281.7603854875283,281.3696825396825,0.9666518837191858,0.5115550376217546,1563397,8
slb200_vincents_take_1_cubase_slices,vincents 1-324.wav,C:\IR audio\slb200\vincents 1-324.wav,08d00865950ba677eaf082e4cf594b0cab6eafa0712c2f5db5ea4632ad821664,True,0.5011111111111111,mapped,0.981269343664142,,0.49778896232427633,12425633,282.2614965986395,281.76038548752837,0.9620779304596436,0.4642889681353673,1562788,8
slb200_vincents_take_1_cubase_slices,vincents 1-325.wav,C:\IR audio\slb200\vincents 1-325.wav,b14948c0fbe73d86a1e237414780759500f560546410cfb9dcd12fc9a587b2da,True,0.43603174603174605,unmatchable_silence_or_short,,,,,,,,,,
slb200_vincents_take_1_cubase_slices,vincents 1-326.wav,C:\IR audio\slb200\vincents 1-326.wav,4fc48a13314e0856b49cbce5929e7289f2194710d99f4563a9b65897c74a73bd,True,0.427891156462585,unmatchable_silence_or_short,,,,,,,,,,
slb200_vincents_take_1_cubase_slices,vincents 1-327.wav,C:\IR audio\slb200\vincents 1-327.wav,324fa245c0c2751cc61f400074757bf9bfbc483ea48572b5e82e70d3645eb4ba,True,0.48029478458049885,unmatchable_silence_or_short,,,,,,,,,,
slb200_vincents_take_1_cubase_slices,vincents 1-328.wav,C:\IR audio\slb200\vincents 1-328.wav,ebeac03f4be2a40471e246cf3fbdfa501bed1cd65cfb37b7a8f188c848b8d266,True,0.45136054421768707,unmatchable_silence_or_short,,,,,,,,,,
slb200_vincents_take_1_cubase_slices,vincents 1-329.wav,C:\IR audio\slb200\vincents 1-329.wav,9a8fa9bc0f383297bde1fb68c711b5d50e8bed931d3f665863fc5b7f3735ee20,True,0.48417233560090706,unmatchable_silence_or_short,,,,,,,,,,
slb200_vincents_take_1_cubase_slices,vincents 1-330.wav,C:\IR audio\slb200\vincents 1-330.wav,855c9f05bf9ae21e0e7fe1d551cf86f16e188a2ddd0ce8a7bbb6df9aeaddbd49,True,0.4576190476190476,unmatchable_silence_or_short,,,,,,,,,,
slb200_vincents_take_1_cubase_slices,vincents 1-331.wav,C:\IR audio\slb200\vincents 1-331.wav,4a4621fe4748a1f85959c358add93c6995c5ea4c7d429dd3006e5f2d8147849f,True,0.47351473922902493,unmatchable_silence_or_short,,,,,,,,,,
slb200_vincents_take_1_cubase_slices,vincents 1-332.wav,C:\IR audio\slb200\vincents 1-332.wav,d3cfb17770fcae18a15e17f24e6e125ca177057183740639462e7881d0d3a300,True,0.46573696145124716,unmatchable_silence_or_short,,,,,,,,,,
slb200_vincents_take_1_cubase_slices,vincents 1-333.wav,C:\IR audio\slb200\vincents 1-333.wav,774c7c87a14e4fd9e0bcf6cdc8224017d6a900bc2e08f83c487fd19d68492598,True,0.45312925170068025,mapped,0.8408000263382618,,0.049479963635336355,8441212,191.8638321995465,191.4107029478458,0.8705983873160974,0.821118423680761,1563053,8
slb200_vincents_take_1_cubase_slices,vincents 1-334.wav,C:\IR audio\slb200\vincents 1-334.wav,f9d73e71b2258e3b2e6a7741ba2c63ff7681981fb175eff66edc0a444a86cd5a,True,0.4812925170068027,mapped,0.9999999999999998,,0.3781674238245495,12302169,279.44204081632654,278.96074829931973,0.9989930538956647,0.6208256300711152,1562897,8
slb200_vincents_take_1_cubase_slices,vincents 1-335.wav,C:\IR audio\slb200\vincents 1-335.wav,17c072004f37ae2b4736bc9144c923ec80990edb19fb598426d41f29f11010c1,True,0.5020861678004536,mapped,1.0000000000000002,,0.5446120120719715,12405314,281.80172335600906,281.29963718820864,0.9686351465756167,0.4240231345036451,1562783,8
slb200_vincents_take_1_cubase_slices,vincents 1-336.wav,C:\IR audio\slb200\vincents 1-336.wav,742842bc5b91559d01e95a40458721ee6d7b6cf5f9d588f59498574d59e574b4,True,0.4983446712018141,unmatchable_silence_or_short,,,,,,,,,,
slb200_vincents_take_1_cubase_slices,vincents 1-337.wav,C:\IR audio\slb200\vincents 1-337.wav,3ed0b90b6937a91b8c689a49175253b6f85c9dac54001ad55341d4a2e3a0d031,True,0.5344897959183673,unmatchable_silence_or_short,,,,,,,,,,
slb200_vincents_take_1_cubase_slices,vincents 1-338.wav,C:\IR audio\slb200\vincents 1-338.wav,384aa662960418e9cb9d5f46ed46cd4eae8984828b8a1afc52848bf8b9dca198,True,0.5187755102040816,mapped,0.7766606403413526,,0.03972953693453485,6303543,143.45625850340136,142.93748299319728,0.7756815492106741,0.7359520122761393,1562691,8
slb200_vincents_take_1_cubase_slices,vincents 1-339.wav,C:\IR audio\slb200\vincents 1-339.wav,824862966263d75034ac9a04a8c3d23a5bc0a96e3e108fb526b0f08cebab9b21,True,0.4907482993197279,mapped,0.9999999999999998,,0.26212462480378684,12250120,278.2712471655329,277.7804988662132,1.0,0.7378753751962132,1562845,8
slb200_vincents_take_1_cubase_slices,vincents 1-340.wav,C:\IR audio\slb200\vincents 1-340.wav,c2843b9a7ae7955d5591fb61966977eb48fbb3ed2583a2adb48f4888a9472e9e,True,0.47471655328798185,mapped,0.9035668846552769,,0.08326391822530488,12271240,278.734126984127,278.259410430839,0.94628009784854,0.8630161796232351,1562934,8
slb200_vincents_take_1_cubase_slices,vincents 1-341.wav,C:\IR audio\slb200\vincents 1-341.wav,9bb3ab0e36e2590016a224a06213fe6b4b792c0ce0347f3dfab1fad515548260,True,0.49002267573696145,mapped,0.9999999999999997,,0.3135027359066397,12292696,279.23596371882087,278.7459410430839,1.0,0.6864972640933603,1562849,8
slb200_vincents_take_1_cubase_slices,vincents 1-342.wav,C:\IR audio\slb200\vincents 1-342.wav,816544fd59346b677bc397452a4c4bc2499de4b799724a082a657bd95ab96511,True,0.6316780045351474,mapped,1.0,,0.08759113412515707,12314306,279.86764172335603,279.23596371882087,0.9973927582375025,0.9098016241123454,1562068,8
slb200_vincents_take_1_cubase_slices,vincents 1-343.wav,C:\IR audio\slb200\vincents 1-343.wav,73c7e1824b9d9bc86cb313692bb91dbbf0a7c6c2ee629c677cbb81121ea215f9,True,0.6014512471655329,mapped,0.9999999999999999,,0.49720028603764405,12342163,280.46909297052156,279.86764172335603,0.9950146890728,0.49781440303515595,1562235,8
slb200_vincents_take_1_cubase_slices,vincents 1-344.wav,C:\IR audio\slb200\vincents 1-344.wav,9d81b7366a610421f7442e27be290999266fca2eb958a71f66399c6ffd26cdef,True,0.5688662131519274,ambiguous_match,0.6129656307369107,,0.17815945039921227,,,,0.6130942556078953,0.43493480520868305,1562415,8
slb200_vincents_take_1_cubase_slices,vincents 1-345.wav,C:\IR audio\slb200\vincents 1-345.wav,aa7479f38c2332cf29a3432afc06e89e38565c7c0a91ac0922f89248fb8d1480,True,0.5269614512471655,mapped,1.0000000000000002,,0.4707862602942685,12393773,281.5648979591837,281.03793650793654,0.9874689902144519,0.5166827299201834,1562646,8
slb200_vincents_take_1_cubase_slices,vincents 1-346.wav,C:\IR audio\slb200\vincents 1-346.wav,dd022736afef14793028cd422286667b7e1e86300b4bf8cf0dac1590ffc9bafa,True,0.6042403628117914,mapped,0.9267262789706574,,0.47851900041561785,12417011,282.1691156462585,281.5648752834467,0.9083891151070387,0.42987011469142083,1562220,8
slb200_vincents_take_1_cubase_slices,vincents 1-347.wav,C:\IR audio\slb200\vincents 1-347.wav,2c562f1d58120e5979b81ad1c2f6d375382aa16baa6323a816de2352f5bdb3f3,True,0.5346938775510204,unmatchable_silence_or_short,,,,,,,,,,
slb200_vincents_take_1_cubase_slices,vincents 1-348.wav,C:\IR audio\slb200\vincents 1-348.wav,4844debd28cedc7a5b911c9e71eb90161923b9741a7ac28dc1db2c02d3c96f5a,True,0.4955328798185941,unmatchable_silence_or_short,,,,,,,,,,
slb200_vincents_take_1_cubase_slices,vincents 1-349.wav,C:\IR audio\slb200\vincents 1-349.wav,207b8f72cd2ff8a559374ccf34c4bd70bd5b8765adef402c8eddf183198edcf1,True,0.5045578231292517,unmatchable_silence_or_short,,,,,,,,,,
slb200_vincents_take_1_cubase_slices,vincents 1-350.wav,C:\IR audio\slb200\vincents 1-350.wav,b7bd3f0aef6f72d341d2dc6f5781110a41878a3e4180ea6ef7688d4cf316d6e2,True,0.49179138321995464,unmatchable_silence_or_short,,,,,,,,,,
slb200_vincents_take_1_cubase_slices,vincents 1-351.wav,C:\IR audio\slb200\vincents 1-351.wav,3d024d10ba0fdd6e791a5eb17d09bb284dd32b099eef4812bbf2a844a8d0a3ea,True,0.5057142857142857,unmatchable_silence_or_short,,,,,,,,,,
slb200_vincents_take_1_cubase_slices,vincents 1-352.wav,C:\IR audio\slb200\vincents 1-352.wav,0f156fb07d5ad274efd2845f347dd56882dcea401324d3a1d836c01bc9e2b177,True,0.6094557823129252,mapped,0.8096598873715961,,0.10744604289528004,6303668,143.54977324263038,142.94031746031746,0.8062202447650356,0.6987742018697556,1562191,8
slb200_vincents_take_1_cubase_slices,vincents 1-353.wav,C:\IR audio\slb200\vincents 1-353.wav,3dee603962d06a8fb1555fc60a6c7cc4090b02345a8c5583f2a9c6284e9bd616,True,0.6726984126984127,mapped,1.0,,0.1841196480303715,12254525,278.5530839002268,277.8803854875284,0.996753685043187,0.8126340370128154,1561842,8
slb200_vincents_take_1_cubase_slices,vincents 1-354.wav,C:\IR audio\slb200\vincents 1-354.wav,cb226facb973926f45b9fb34f98a688783b5c558ed557791e4c225a41b022c39,True,0.66,ambiguous_match,0.3582314388317105,,0.03053646411879707,,,,0.31622646174001123,0.28568999762121416,1561912,8
slb200_vincents_take_1_cubase_slices,vincents 1-355.wav,C:\IR audio\slb200\vincents 1-355.wav,9a1e5afc96f4fb765217755881f52e91c01b74ab765ce13a0a054ef23970db88,True,0.5334240362811792,mapped,1.0,,0.05482936656929005,12313297,279.74650793650795,279.21308390022676,0.9992758942212753,0.9444465276519852,1562610,8
slb200_vincents_take_1_cubase_slices,vincents 1-356.wav,C:\IR audio\slb200\vincents 1-356.wav,885ca5e548bdf0598a34cec60eff8f0b002ee6defc67c5cfcb35d67feb544998,True,0.46188208616780047,mapped,0.9999999999999999,,0.2077884511770638,12336820,280.20836734693876,279.74648526077095,0.9906005721564392,0.7828121209793754,1563004,8
slb200_vincents_take_1_cubase_slices,vincents 1-357.wav,C:\IR audio\slb200\vincents 1-357.wav,4a0c52dc88130a03985225f758411a20a75df6381e622b30185b45d709c8afe3,True,0.5596371882086167,mapped,0.9289823818203495,,0.3523500122043105,12357188,280.76798185941044,280.2083446712018,0.9240412104997924,0.5716911982954819,1562466,8
slb200_vincents_take_1_cubase_slices,vincents 1-358.wav,C:\IR audio\slb200\vincents 1-358.wav,7c0a4f0f31476e46f24a46e2a58069f1decd6b5de4f8d13b791fbc54dd096c71,True,0.5187981859410431,mapped,1.0,,0.4160866802535169,12381867,281.2867573696145,280.7679591836735,0.9900168459256216,0.5739301656721046,1562691,8
slb200_vincents_take_1_cubase_slices,vincents 1-359.wav,C:\IR audio\slb200\vincents 1-359.wav,600943b0fc6b0147469b2edd6bf9d71bb95cc854e673e551e753c633f3c1a57e,True,0.5663718820861678,mapped,0.9999999999999997,,0.5824158918685195,12404745,281.85310657596375,281.2867346938776,0.9736842405099099,0.3912683486413904,1562428,8
slb200_vincents_take_1_cubase_slices,vincents 1-360.wav,C:\IR audio\slb200\vincents 1-360.wav,0076402f2a1b805a8b8f66c28296a5d3bd768aaba038dd885e720d9bb8472a43,True,0.5987074829931973,mapped,0.83329210771569,,0.3081762747031306,12429722,282.45181405895687,281.8531065759637,0.8234319581968117,0.5152556834936811,1562250,8
slb200_vincents_take_1_cubase_slices,vincents 1-361.wav,C:\IR audio\slb200\vincents 1-361.wav,bd3c2e7b7b377716dafcea04cb6dbec9c4d82ad94de9c4c9e286fa37cfe16b97,True,0.9889569160997732,unmatchable_silence_or_short,,,,,,,,,,
slb200_vincents_take_1_cubase_slices,vincents 1-362.wav,C:\IR audio\slb200\vincents 1-362.wav,2f85ea3498f69f75736d3eff26b61fde49d2a71d5d74f1c69799bb333e78f6df,True,4.274421768707483,unmatchable_silence_or_short,,,,,,,,,,
