audit_id,slice_set_id,candidate_id,filename,sampling_stratum,validator_suggestion,validator_reasons,verdict,reason_codes,f0_reliability,confidence,annotation,file,sha256
acoustic_bass_a_take_2_cubase_slices:06,acoustic_bass_a_take_2_cubase_slices,acoustic_bass_a_take_2_cubase_slices:2 - 902.wav,acoustic_bass_a_take_2_06_2 - 902.wav,possible_tail_boundary,uncertain,possible_truncated_sustain_or_decay,unusable,,not_assessed,,,audit_slices/acoustic_bass_a_take_2_06_2 - 902.wav,99859c7ec8ffa4e77dba45125a7dfa9f8ebef513b0d71f136c470c1e051ec552
acoustic_bass_a_take_2_cubase_slices:07,acoustic_bass_a_take_2_cubase_slices,acoustic_bass_a_take_2_cubase_slices:2 - 92.wav,acoustic_bass_a_take_2_07_2 - 92.wav,short_or_low_or_edge,uncertain,very_short_candidate;possible_truncated_sustain_or_decay,usable,,not_assessed,,,audit_slices/acoustic_bass_a_take_2_07_2 - 92.wav,f969889ada6fb1492862f809b053e4103764da2db1bc9d8534583bdc51ffdd9f
acoustic_bass_a_take_2_cubase_slices:08,acoustic_bass_a_take_2_cubase_slices,acoustic_bass_a_take_2_cubase_slices:2 - 297.wav,acoustic_bass_a_take_2_08_2 - 297.wav,uncertain_fallback_no_hard_rejects,uncertain,possible_truncated_sustain_or_decay,unusable,,not_assessed,,,audit_slices/acoustic_bass_a_take_2_08_2 - 297.wav,66beb8e2590b526694bd9385a93df002c7a3af7f1e70f9d48354cdd9a1bcd839
acoustic_bass_a_take_2_cubase_slices:09,acoustic_bass_a_take_2_cubase_slices,acoustic_bass_a_take_2_cubase_slices:2 - 433.wav,acoustic_bass_a_take_2_09_2 - 433.wav,uncertain_random,uncertain,possible_truncated_sustain_or_decay,usable,,not_assessed,,,audit_slices/acoustic_bass_a_take_2_09_2 - 433.wav,6cee47f7c4a80ff66ecb34f13cd8d3c94c6337a43269d176b43be5450c677787
acoustic_bass_a_take_2_cubase_slices:10,acoustic_bass_a_take_2_cubase_slices,acoustic_bass_a_take_2_cubase_slices:2 - 411.wav,acoustic_bass_a_take_2_10_2 - 411.wav,uncertain_random,uncertain,possible_truncated_sustain_or_decay,unusable,,not_assessed,,,audit_slices/acoustic_bass_a_take_2_10_2 - 411.wav,96997e3270e1366d20f4db1df02ccc785a06a56fe8bd751f7284ee33ae2ea688
acoustic_bass_a_take_3_cubase_slices:01,acoustic_bass_a_take_3_cubase_slices,acoustic_bass_a_take_3_cubase_slices:Region 242.wav,acoustic_bass_a_take_3_01_Region 242.wav,provisional_accept,accept,no_flagged_event_validity_issue,usable,,not_assessed,,,audit_slices/acoustic_bass_a_take_3_01_Region 242.wav,e1711dde241e8ea01f482c231b2652d3ea28dbb1f891174b750b6acae0046884
acoustic_bass_a_take_3_cubase_slices:02,acoustic_bass_a_take_3_cubase_slices,acoustic_bass_a_take_3_cubase_slices:Region 306.wav,acoustic_bass_a_take_3_02_Region 306.wav,provisional_accept,accept,no_flagged_event_validity_issue,unusable,,not_assessed,,,audit_slices/acoustic_bass_a_take_3_02_Region 306.wav,9c566be6722a1c4373c540a288e0d0c2f4273655bf7716d248d69cf6764c7a65
acoustic_bass_a_take_3_cubase_slices:03,acoustic_bass_a_take_3_cubase_slices,acoustic_bass_a_take_3_cubase_slices:Region 275.wav,acoustic_bass_a_take_3_03_Region 275.wav,possible_internal_attack,uncertain,possible_multiple_excitation_or_internal_transient,usable,,not_assessed,,,audit_slices/acoustic_bass_a_take_3_03_Region 275.wav,a9c3fa90edae1b5c5db38e62ac88f6a09e2763a1cc8f09223100fd675d10fa1e
acoustic_bass_a_take_3_cubase_slices:04,acoustic_bass_a_take_3_cubase_slices,acoustic_bass_a_take_3_cubase_slices:Region 311.wav,acoustic_bass_a_take_3_04_Region 311.wav,possible_internal_attack,uncertain,possible_multiple_excitation_or_internal_transient,usable,,not_assessed,,,audit_slices/acoustic_bass_a_take_3_04_Region 311.wav,9ae9ea05083dcafb90773734ad246cb1ac9cf5a30e12890afe10238810c34fac
acoustic_bass_a_take_3_cubase_slices:05,acoustic_bass_a_take_3_cubase_slices,acoustic_bass_a_take_3_cubase_slices:Region 138.wav,acoustic_bass_a_take_3_05_Region 138.wav,possible_tail_boundary,uncertain,possible_truncated_sustain_or_decay,usable,,not_assessed,,,audit_slices/acoustic_bass_a_take_3_05_Region 138.wav,4d00ad409dfae5e96d5ea0e09a902d32cfc658d2e0372dbc4387d33366b48c40
acoustic_bass_a_take_3_cubase_slices:06,acoustic_bass_a_take_3_cubase_slices,acoustic_bass_a_take_3_cubase_slices:Region 679.wav,acoustic_bass_a_take_3_06_Region 679.wav,possible_tail_boundary,uncertain,possible_truncated_sustain_or_decay,usable,,not_assessed,,,audit_slices/acoustic_bass_a_take_3_06_Region 679.wav,31cd0921419d903e3bd14a889edf8ea5eb09c42e5e13f9c8e840c733b0e42040
acoustic_bass_a_take_3_cubase_slices:07,acoustic_bass_a_take_3_cubase_slices,acoustic_bass_a_take_3_cubase_slices:Region 631.wav,acoustic_bass_a_take_3_07_Region 631.wav,short_or_low_or_edge,uncertain,very_short_candidate;possible_truncated_sustain_or_decay,unusable,,not_assessed,,,audit_slices/acoustic_bass_a_take_3_07_Region 631.wav,2998d6b90b1593b5bdc5e0c6e513d1c023f7862e99b0ead82b06914c4d12f5ee
acoustic_bass_a_take_3_cubase_slices:08,acoustic_bass_a_take_3_cubase_slices,acoustic_bass_a_take_3_cubase_slices:Region 27.wav,acoustic_bass_a_take_3_08_Region 27.wav,uncertain_fallback_no_hard_rejects,uncertain,possible_truncated_sustain_or_decay,usable,,not_assessed,,,audit_slices/acoustic_bass_a_take_3_08_Region 27.wav,6159b21ea0f6e2b387364935d1ad4d1c5e9149199ac05dac05e96c65a990359d
acoustic_bass_a_take_3_cubase_slices:09,acoustic_bass_a_take_3_cubase_slices,acoustic_bass_a_take_3_cubase_slices:Region 497.wav,acoustic_bass_a_take_3_09_Region 497.wav,uncertain_random,uncertain,possible_truncated_sustain_or_decay,usable,,not_assessed,,,audit_slices/acoustic_bass_a_take_3_09_Region 497.wav,038ed668bebbdbee6a080e8d957d8a7c5e215b6c7680840f001a048033db3703
acoustic_bass_a_take_3_cubase_slices:10,acoustic_bass_a_take_3_cubase_slices,acoustic_bass_a_take_3_cubase_slices:Region 364.wav,acoustic_bass_a_take_3_10_Region 364.wav,uncertain_random,uncertain,possible_truncated_sustain_or_decay,usable,,not_assessed,,,audit_slices/acoustic_bass_a_take_3_10_Region 364.wav,29bb181bb5b88949862a43032d06e94fa27ea0857d6010181c428fd4b43db13b
acoustic_bass_b_take_1_cubase_slices:01,acoustic_bass_b_take_1_cubase_slices,acoustic_bass_b_take_1_cubase_slices:3-05 - 1002.wav,acoustic_bass_b_take_1_01_3-05 - 1002.wav,provisional_accept,accept,no_flagged_event_validity_issue,usable,,not_assessed,,,audit_slices/acoustic_bass_b_take_1_01_3-05 - 1002.wav,94f761b882f6fbc8461ba4fc17a66b904cb10d65e8b0254d6d94f85190cae189
acoustic_bass_b_take_1_cubase_slices:02,acoustic_bass_b_take_1_cubase_slices,acoustic_bass_b_take_1_cubase_slices:3-05 - 301.wav,acoustic_bass_b_take_1_02_3-05 - 301.wav,provisional_accept,accept,no_flagged_event_validity_issue,usable,,not_assessed,,,audit_slices/acoustic_bass_b_take_1_02_3-05 - 301.wav,38b5a455af61a489841cd7aba2d53871e8e84db1ed5c664a5f62a1dfb82df0e4
acoustic_bass_b_take_1_cubase_slices:03,acoustic_bass_b_take_1_cubase_slices,acoustic_bass_b_take_1_cubase_slices:3-05 - 69.wav,acoustic_bass_b_take_1_03_3-05 - 69.wav,possible_internal_attack,uncertain,possible_multiple_excitation_or_internal_transient;possible_truncated_sustain_or_decay,usable,,not_assessed,,,audit_slices/acoustic_bass_b_take_1_03_3-05 - 69.wav,0ca895cec8b355f862bca552ba94b82ed0561f114da3f0b48a357df334d2bad8
acoustic_bass_b_take_1_cubase_slices:04,acoustic_bass_b_take_1_cubase_slices,acoustic_bass_b_take_1_cubase_slices:3-05 - 1130.wav,acoustic_bass_b_take_1_04_3-05 - 1130.wav,possible_internal_attack,uncertain,possible_multiple_excitation_or_internal_transient;possible_truncated_sustain_or_decay,usable,,not_assessed,,,audit_slices/acoustic_bass_b_take_1_04_3-05 - 1130.wav,1f444d11c18e8607826e28b9fb00c3df2987b2617d872823359edb0f00f9b4c7
acoustic_bass_b_take_1_cubase_slices:05,acoustic_bass_b_take_1_cubase_slices,acoustic_bass_b_take_1_cubase_slices:3-05 - 722.wav,acoustic_bass_b_take_1_05_3-05 - 722.wav,possible_tail_boundary,uncertain,possible_truncated_sustain_or_decay,usable,,not_assessed,,,audit_slices/acoustic_bass_b_take_1_05_3-05 - 722.wav,9056c596467a9ddce662a665b806b98493271c89f1788fb2d1592b5059515dea
acoustic_bass_b_take_1_cubase_slices:06,acoustic_bass_b_take_1_cubase_slices,acoustic_bass_b_take_1_cubase_slices:3-05 - 924.wav,acoustic_bass_b_take_1_06_3-05 - 924.wav,possible_tail_boundary,uncertain,very_short_candidate;possible_truncated_sustain_or_decay,usable,,not_assessed,,,audit_slices/acoustic_bass_b_take_1_06_3-05 - 924.wav,fa7d8501ed6e2a53cf9ed84716924e9bd5e0efd2148f2526db5e50b18209f081
