"event","category","start_s","end_s","duration_s","peak_db","attack_s","median_f0_hz","verdict","annotation","file"
"1","late_attack","0","0.383","0.383","-25.2","0.372","55.1","Use","","late_attack_event_0001.wav"
"2","late_attack","0.383","0.836","0.453","-19.3","0.441","61.2","Use","","late_attack_event_0002.wav"
"21","longest","12.028","13.363","1.335","-21.3","0.046","98.2","Use","","longest_event_0021.wav"
"26","shortest","16.579","16.591","0.012","-43.4","0","221.6","Disq","silence","shortest_event_0026.wav"
"47","shortest","24.021","24.033","0.012","-44.4","0","250.6","Disq","silence","shortest_event_0047.wav"
"53","timeline","27.945","28.166","0.221","-34.5","0.035","245.0","Disq","silcence","timeline_event_0053.wav"
"64","late_attack","32.996","33.53","0.534","-16.1","0.522","92.9","Use","","late_attack_event_0064.wav"
"73","shortest","36.212","36.223","0.012","-44.5","0","113.7","Disq","silence","shortest_event_0073.wav"
"87","shortest","41.273","41.285","0.012","-26","0","129.7","Disq","silence","shortest_event_0087.wav"
"105","timeline","47.044","47.357","0.313","-28.9","0.035","91.1","Use","","timeline_event_0105.wav"
"136","shortest","68.65","68.661","0.012","-44.5","0","105.8","Disq","silence","shortest_event_0136.wav"
"137","shortest","68.673","68.685","0.012","-44.9","0","142.7","Disq","silence","shortest_event_0137.wav"
"142","longest","71.239","72.853","1.614","-21.3","0.104","129.1","Disq","mostly one note, but at very end a hammer on.","longest_event_0142.wav"
"158","timeline","80.573","80.655","0.081","-35.5","0.035","53.6","Disq","","timeline_event_0158.wav"
"159","longest","80.655","82.106","1.451","-36.5","0.046","53.0","Use","","longest_event_0159.wav"
"160","shortest","82.454","82.466","0.012","-41.6","0","250.6","Disq","silence","shortest_event_0160.wav"
"163","shortest","83.94","83.952","0.012","-44.7","0","250.6","Disq","","shortest_event_0163.wav"
"168","longest","84.381","85.972","1.591","-14.7","0.058","49.2","Use","","longest_event_0168.wav"
"171","shortest","87.679","87.69","0.012","-34.5","0","250.6","Disq","","shortest_event_0171.wav"
"206","shortest","98.081","98.093","0.012","-32","0","250.6","Disq","","shortest_event_0206.wav"
"209","longest","99.765","101.843","2.078","-20.8","0.081","73.4","Use","","longest_event_0209.wav"
"210","timeline","102.47","102.96","0.491","-16.6","0.012","98.2","Use","","timeline_event_0210.wav"
"213","longest","107.775","109.993","2.218","-17","0.035","92.5","Use","","longest_event_0213.wav"
"214","quietest","110.039","110.086","0.046","-44.9","0.012","92.8","Disq","","quietest_event_0214.wav"
"215","shortest","110.097","110.109","0.012","-45","0","96.5","Disq","","shortest_event_0215.wav"
"216","shortest","110.353","110.364","0.012","-44.8","0","unknown","Disq","","shortest_event_0216.wav"
"218","quietest","112.292","112.303","0.012","-44.9","0","unknown","Disq","","quietest_event_0218.wav"
"219","longest","113.511","116.448","2.937","-15.6","0.046","69.7","Use","","longest_event_0219.wav"
"220","quietest","116.541","116.553","0.012","-44.9","0","250.6","Disq","","quietest_event_0220.wav"
"225","quietest","117.946","117.957","0.012","-44.9","0","250.6","Disq","","quietest_event_0225.wav"
"229","longest","118.84","120.14","1.3","-16.2","0.035","52.4","Use","","longest_event_0229.wav"
"238","late_attack","124.761","125.562","0.801","-19.9","0.789","53.3","Use","","late_attack_event_0238.wav"
"249","late_attack","127.977","128.813","0.836","-19.3","0.824","67.4","Use","","late_attack_event_0249.wav"
"263","timeline","136.509","136.548","0.039","-27.2","0.01","108.1","Disq","","timeline_event_0263.wav"
"292","quietest","151.348","151.359","0.012","-45","0","250.6","Disq","","quietest_event_0292.wav"
"315","timeline","161.193","161.239","0.046","-41.8","0.012","250.6","Disq","","timeline_event_0315.wav"
"338","quietest","167.869","167.88","0.012","-45","0","250.6","Disq","","quietest_event_0338.wav"
"341","quietest","168.705","168.716","0.012","-44.9","0","218.3","Disq","","quietest_event_0341.wav"
"356","quietest","173.023","173.047","0.023","-44.8","0","178.5","Disq","","quietest_event_0356.wav"
"368","timeline","181.789","181.847","0.058","-41.3","0.023","250.6","Disq","","timeline_event_0368.wav"
"383","quietest","187.176","187.188","0.012","-44.9","0","105.8","Disq","","quietest_event_0383.wav"
"386","quietest","188.604","188.616","0.012","-45","0","110.8","Disq","","quietest_event_0386.wav"
"420","timeline","207.807","209.096","1.289","-28.3","0.035","75.5","Use","","timeline_event_0420.wav"
"435","longest","216.027","217.49","1.463","-23","0.046","60.3","Use","","longest_event_0435.wav"
"437","longest","217.815","219.15","1.335","-26.9","0.046","57.6","Use","","longest_event_0437.wav"
"438","longest","219.359","221.042","1.683","-30.1","0.046","54.9","Use","","longest_event_0438.wav"
"466","longest","234.057","235.416","1.358","-23.8","0.046","43.4","Use","","longest_event_0466.wav"
"473","timeline","239.235","239.63","0.395","-18.2","0","55.3","Disq","","timeline_event_0473.wav"
"489","late_attack","244.162","244.592","0.43","-14.7","0.334","81.8","Disq","","late_attack_event_0489.wav"
"492","late_attack","245.365","245.725","0.36","-15.8","0.255","41.3","Disq","","late_attack_event_0492.wav"
"501","late_attack","247.374","247.919","0.546","-16.3","0.534","55.2","Use","","late_attack_event_0501.wav"
"504","late_attack","248.744","249.231","0.488","-19.3","0.476","80.8","Use","","late_attack_event_0504.wav"
"520","late_attack","255.512","255.988","0.476","-20.8","0.348","94.0","Disq","","late_attack_event_0520.wav"
"523","late_attack","256.743","257.428","0.685","-17.9","0.511","75.3","Disq","","late_attack_event_0523.wav"
"525","timeline","257.637","258.078","0.441","-20.1","0.07","69.7","Use","","timeline_event_0525.wav"
"543","late_attack","264.069","264.58","0.511","-20.3","0.499","77.5","Use","","late_attack_event_0543.wav"
"578","timeline","280.114","280.253","0.139","-39.9","0.093","227.3","Use","","timeline_event_0578.wav"